    ID1 ,    ID1+ , Mem ,      Gra ,     Gdec ,    Ks ,  logK ,  Vls , Mem_D ,     D , Sigma_L , Sigma_V , R2t_lum , Rg_dyn , Mass_lum , Mass_dyn
1013939 , 1013939 ,   8 ,   7.7096 ,  -5.1032 , -0.27 , 11.04 ,   26 ,     7 ,  0.65 ,     136 ,      63 ,   0.369 ,  0.584 ,   12.704 ,   12.320
1029478 , 1013939 ,   3 , 341.9729 , -22.9698 ,  6.32 , 10.76 ,  825 ,     3 ,  9.69 ,     106 ,      45 ,   0.286 ,  0.105 ,   12.375 ,   11.288
1039281 , 1013939 ,   2 ,  16.9755 ,  10.5814 ,  8.34 ,  9.75 ,  764 ,     2 ,  7.74 ,      52 ,      20 ,   0.142 ,  0.057 ,   11.456 ,   10.301
1047356 , 1013939 ,   1 ,   4.8297 ,  13.7785 ,  9.04 ,  9.12 ,  593 ,     1 ,  5.14 ,      39 ,       0 ,   0.105 ,    nan ,   11.068 ,      nan
1048634 , 1013939 ,   2 ,  19.9695 ,   9.3033 , 11.23 ,  8.64 ,  795 ,     2 ,  8.13 ,      32 ,       2 ,   0.087 ,  0.023 ,   10.825 ,    8.093
1055222 , 1013939 ,   1 ,  10.6954 ,  -6.7834 ,  9.99 ,  8.56 ,  503 ,     1 ,  4.18 ,      31 ,       0 ,   0.085 ,    nan ,   10.785 ,      nan
1063385 , 1013939 ,   1 , 349.8811 , -17.5141 , 13.26 ,  7.99 ,  880 ,     1 ,  9.82 ,      25 ,       0 ,   0.068 ,    nan ,   10.501 ,      nan
1066772 , 1013939 ,   2 ,  17.9681 ,   7.6131 , 10.37 ,  7.93 ,  410 ,     2 ,  2.42 ,      24 ,      21 ,   0.066 ,  0.015 ,   10.471 ,    9.781
1068854 , 1013939 ,   1 ,  28.5252 ,   8.2773 , 13.15 ,  7.85 ,  835 ,     1 ,  7.94 ,      24 ,       0 ,   0.065 ,    nan ,   10.431 ,      nan
1072990 , 1013939 ,   1 ,  19.9245 ,   8.3012 , 10.89 ,  7.79 ,  439 ,     1 ,  2.61 ,      23 ,       0 ,   0.063 ,    nan ,   10.400 ,      nan
1067083 , 1013939 ,   1 ,  26.3271 , -10.3511 , 13.45 ,  7.60 ,  724 ,     1 ,  6.83 ,      22 ,       0 ,   0.059 ,    nan ,   10.305 ,      nan
1077686 , 1013939 ,   1 ,   1.0916 , -19.6737 , 15.26 ,  7.03 ,  791 ,     1 ,  8.14 ,      17 ,       0 ,   0.047 ,    nan ,   10.021 ,      nan
1087682 , 1013939 ,   1 , 350.3221 ,  19.6721 , 14.45 ,  7.02 ,  596 ,     1 ,  5.54 ,      17 ,       0 ,   0.047 ,    nan ,   10.013 ,      nan
1016697 , 1016697 ,  76 , 287.1462 , -18.0153 ,  0.90 , 11.79 ,  311 ,    76 ,  2.64 ,     264 ,     235 ,   0.715 ,  0.492 ,   13.567 ,   13.394
1030152 , 1016697 ,  15 , 304.1374 ,  -8.5011 ,  5.40 , 11.02 ,  625 ,    15 ,  8.61 ,     134 ,      95 ,   0.362 ,  0.273 ,   12.679 ,   12.352
1035314 , 1016697 ,  11 , 306.9308 ,  -5.8275 ,  6.30 , 10.60 ,  657 ,    11 ,  7.97 ,      92 ,      92 ,   0.249 ,  0.257 ,   12.190 ,   12.303
1013940 , 1016697 ,   4 , 267.5599 , -24.9758 ,  2.50 , 10.58 ,  310 ,     4 ,  1.37 ,      91 ,      83 ,   0.247 ,  0.137 ,   12.179 ,   11.933
1032137 , 1016697 ,   5 , 302.8821 ,  -3.8349 ,  7.00 , 10.30 ,  714 ,     5 ,  7.85 ,      73 ,      94 ,   0.198 ,  0.177 ,   11.893 ,   12.158
1031006 , 1016697 ,   3 , 314.6091 , -16.5794 ,  6.91 , 10.29 ,  568 ,     3 ,  7.46 ,      73 ,       2 ,   0.197 ,  0.083 ,   11.884 ,    8.352
1016699 , 1016697 ,   3 , 283.7659 , -35.7110 ,  5.83 ,  9.90 ,    1 ,     3 ,  2.88 ,      57 ,      12 ,   0.153 ,  0.098 ,   11.560 ,   10.097
1016708 , 1016697 ,   1 , 286.5402 , -18.8645 ,  6.34 ,  9.63 ,  976 ,     1 ,  2.61 ,      49 ,       0 ,   0.133 ,    nan ,   11.375 ,      nan
1040820 , 1016697 ,   2 , 304.9692 ,   2.1280 ,  8.55 ,  9.49 ,  619 ,     2 ,  6.33 ,      46 ,      11 ,   0.124 ,  0.026 ,   11.286 ,    9.444
1013960 , 1016697 ,   2 , 269.7014 , -13.9213 ,  5.31 ,  9.42 ,  451 ,     2 ,  1.30 ,      44 ,      23 ,   0.120 ,  0.076 ,   11.238 ,   10.574
1046176 , 1016697 ,   1 , 304.0910 ,  -5.5979 ,  8.56 ,  9.37 ,  522 ,     1 ,  5.49 ,      43 ,       0 ,   0.117 ,    nan ,   11.207 ,      nan
1013961 , 1016697 ,   1 , 251.1904 , -14.1702 ,  5.19 ,  9.29 , -274 ,     1 ,  1.06 ,      42 ,       0 ,   0.113 ,    nan ,   11.161 ,      nan
1048317 , 1016697 ,   1 , 311.2531 , -16.4937 , 10.31 ,  8.90 ,  551 ,     1 ,  7.21 ,      36 ,       0 ,   0.096 ,    nan ,   10.956 ,      nan
1051135 , 1016697 ,   2 , 283.8863 ,  -0.9749 ,  6.93 ,  8.89 ,  160 ,     2 ,  1.51 ,      36 ,       9 ,   0.096 ,  0.112 ,   10.952 ,    9.939
1013964 , 1016697 ,   2 , 266.4801 , -34.6095 ,  6.90 ,  8.77 ,  125 ,     2 ,  1.28 ,      34 ,     116 ,   0.092 ,  0.101 ,   10.889 ,   12.093
1014020 , 1016697 ,   2 , 242.7607 , -36.4705 ,  6.02 ,  8.69 ,  142 ,     2 ,  0.78 ,      33 ,      12 ,   0.089 ,  0.006 ,   10.848 ,    8.859
1030153 , 1016697 ,   1 , 306.6762 ,  -9.0017 , 11.33 ,  8.53 ,  612 ,     1 ,  8.49 ,      31 ,       0 ,   0.084 ,    nan ,   10.771 ,      nan
1016717 , 1016697 ,   1 , 284.4162 , -33.4753 ,  9.00 ,  8.51 ,  219 ,     1 ,  2.59 ,      31 ,       0 ,   0.083 ,    nan ,   10.762 ,      nan
1059295 , 1016697 ,   1 , 300.1044 ,  -4.3224 , 11.59 ,  8.46 ,  704 ,     1 ,  7.82 ,      30 ,       0 ,   0.082 ,    nan ,   10.736 ,      nan
1057490 , 1016697 ,   1 , 306.5064 , -15.1115 , 11.04 ,  8.45 ,  464 ,     1 ,  5.95 ,      30 ,       0 ,   0.081 ,    nan ,   10.728 ,      nan
1061215 , 1016697 ,   1 , 295.2407 ,   1.9089 , 12.19 ,  8.43 ,  803 ,     1 ,  9.91 ,      30 ,       0 ,   0.080 ,    nan ,   10.720 ,      nan
1063273 , 1016697 ,   1 , 308.8362 ,  -9.4576 , 11.93 ,  8.28 ,  629 ,     1 ,  7.41 ,      28 ,       0 ,   0.076 ,    nan ,   10.644 ,      nan
1078469 , 1016697 ,   1 , 313.4996 , -23.3712 ,  9.97 ,  8.14 ,   54 ,     1 ,  2.55 ,      27 ,       0 ,   0.072 ,    nan ,   10.574 ,      nan
1066370 , 1016697 ,   1 , 310.2539 , -13.3160 , 10.99 ,  8.14 ,  542 ,     1 ,  4.08 ,      26 ,       0 ,   0.072 ,    nan ,   10.573 ,      nan
1032139 , 1016697 ,   2 , 301.5451 ,  -5.4256 , 12.18 ,  8.11 ,  536 ,     2 ,  6.84 ,      26 ,      16 ,   0.071 ,  0.062 ,   10.561 ,   10.179
1071633 , 1016697 ,   1 , 306.6482 , -12.4531 , 12.87 ,  8.01 ,  675 ,     1 ,  8.39 ,      25 ,       0 ,   0.069 ,    nan ,   10.512 ,      nan
1077604 , 1016697 ,   1 , 310.7810 ,  -4.0540 , 12.11 ,  7.88 ,  522 ,     1 ,  5.09 ,      24 ,       0 ,   0.065 ,    nan ,   10.446 ,      nan
1077224 , 1016697 ,   1 , 297.0782 ,  -4.1071 , 12.52 ,  7.83 ,  521 ,     1 ,  5.81 ,      24 ,       0 ,   0.064 ,    nan ,   10.422 ,      nan
1062515 , 1016697 ,   1 , 294.7848 ,  13.5716 , 12.61 ,  7.81 ,  615 ,     1 ,  5.89 ,      23 ,       0 ,   0.063 ,    nan ,   10.410 ,      nan
1013987 , 1016697 ,   1 , 244.0737 , -33.7317 ,  7.30 ,  7.70 , -267 ,     1 ,  0.45 ,      22 ,       0 ,   0.061 ,    nan ,   10.356 ,      nan
1089615 , 1016697 ,   1 , 296.8341 , -33.3567 , 12.02 ,  7.48 ,  231 ,     1 ,  3.08 ,      21 ,       0 ,   0.056 ,    nan ,   10.246 ,      nan
1076843 , 1016697 ,   1 , 311.8717 , -23.0743 , 13.03 ,  7.47 ,  403 ,     1 ,  4.81 ,      20 ,       0 ,   0.056 ,    nan ,   10.238 ,      nan
1071412 , 1016697 ,   1 , 304.6372 , -25.5301 , 14.66 ,  7.45 ,  691 ,     1 ,  9.99 ,      20 ,       0 ,   0.055 ,    nan ,   10.230 ,      nan
1076340 , 1016697 ,   1 , 290.2914 ,  10.9897 , 13.96 ,  7.31 ,  645 ,     1 ,  6.18 ,      19 ,       0 ,   0.052 ,    nan ,   10.158 ,      nan
1085633 , 1016697 ,   1 , 301.8786 ,  -7.3430 , 14.83 ,  7.11 ,  502 ,     1 ,  7.34 ,      18 ,       0 ,   0.049 ,    nan ,   10.061 ,      nan
1086075 , 1016697 ,   1 , 286.2366 ,   2.7628 , 12.83 ,  6.96 ,  598 ,     1 ,  2.46 ,      17 ,       0 ,   0.046 ,    nan ,    9.985 ,      nan
1013996 , 1016697 ,   1 , 275.7720 , -36.4261 , 11.26 ,  6.92 ,  553 ,     1 ,  1.14 ,      17 ,       0 ,   0.045 ,    nan ,    9.967 ,      nan
1086594 , 1016697 ,   1 , 301.4201 ,  -5.3272 , 15.28 ,  6.92 ,  639 ,     1 ,  7.26 ,      17 ,       0 ,   0.045 ,    nan ,    9.967 ,      nan
1090362 , 1016697 ,   1 , 304.8366 , -29.0333 , 12.97 ,  6.92 ,  135 ,     1 ,  2.50 ,      17 ,       0 ,   0.045 ,    nan ,    9.967 ,      nan
1013944 , 1013944 ,  15 , 200.0852 ,  -8.0625 ,  1.84 , 11.11 ,  156 ,    15 ,  1.84 ,     144 ,     182 ,   0.391 ,  0.799 ,   12.780 ,   13.384
1036355 , 1013944 ,   3 , 186.4859 ,   7.8738 ,  5.91 , 10.05 ,  268 ,     3 ,  3.57 ,      62 ,      20 ,   0.168 ,  0.150 ,   11.679 ,   10.757
1036503 , 1013944 ,   3 , 135.0684 ,  23.6164 ,  8.12 ,  9.86 ,  551 ,     3 ,  7.89 ,      55 ,       4 ,   0.150 ,  0.071 ,   11.530 ,    8.889
1047027 , 1013944 ,   1 , 131.1780 ,  21.3964 , 10.42 ,  8.93 ,  515 ,     1 ,  7.81 ,      36 ,       0 ,   0.097 ,    nan ,   10.969 ,      nan
1048965 , 1013944 ,   1 , 187.3734 ,   9.2714 , 10.91 ,  8.89 ,  653 ,     1 ,  9.38 ,      36 ,       0 ,   0.096 ,    nan ,   10.951 ,      nan
1048252 , 1013944 ,   1 , 188.2235 ,  12.8347 , 10.17 ,  8.81 ,  412 ,     1 ,  6.08 ,      34 ,       0 ,   0.093 ,    nan ,   10.912 ,      nan
1055061 , 1013944 ,   1 , 141.7072 ,  33.0760 , 11.90 ,  8.42 ,  573 ,     1 ,  8.58 ,      30 ,       0 ,   0.080 ,    nan ,   10.713 ,      nan
1013970 , 1013944 ,   1 , 168.7766 ,  39.2775 ,  5.44 ,  8.22 ,   17 ,     1 ,  0.67 ,      27 ,       0 ,   0.074 ,    nan ,   10.613 ,      nan
1074139 , 1013944 ,   1 , 151.5399 ,  -9.7087 ,  7.91 ,  7.97 ,   89 ,     1 ,  0.67 ,      25 ,       0 ,   0.068 ,    nan ,   10.490 ,      nan
1056874 , 1013944 ,   1 , 186.1842 ,   8.7254 , 13.70 ,  7.78 ,  594 ,     1 ,  9.45 ,      23 ,       0 ,   0.063 ,    nan ,   10.396 ,      nan
1065339 , 1013944 ,   1 , 142.6966 ,  36.6064 , 13.60 ,  7.78 ,  612 ,     1 ,  8.94 ,      23 ,       0 ,   0.063 ,    nan ,   10.393 ,      nan
1089322 , 1013944 ,   1 , 162.2458 ,  22.1229 ,  8.32 ,  7.74 ,  550 ,     1 ,  0.76 ,      23 ,       0 ,   0.062 ,    nan ,   10.377 ,      nan
1067327 , 1013944 ,   1 , 158.2758 ,  42.5514 , 13.98 ,  7.67 ,  703 ,     1 ,  9.49 ,      22 ,       0 ,   0.060 ,    nan ,   10.340 ,      nan
1079697 , 1013944 ,   1 , 142.8595 ,  37.6992 , 14.30 ,  7.49 ,  588 ,     1 ,  8.88 ,      21 ,       0 ,   0.056 ,    nan ,   10.250 ,      nan
1078255 , 1013944 ,   1 , 146.8043 ,  39.3001 , 12.90 ,  7.28 ,  290 ,     1 ,  3.65 ,      19 ,       0 ,   0.052 ,    nan ,   10.143 ,      nan
1076019 , 1013944 ,   1 , 187.6586 ,  15.4199 , 13.33 ,  7.27 ,  342 ,     1 ,  4.42 ,      19 ,       0 ,   0.052 ,    nan ,   10.140 ,      nan
1078713 , 1013944 ,   1 , 144.0912 ,  37.9411 , 15.62 ,  7.02 ,  641 ,     1 ,  9.57 ,      17 ,       0 ,   0.047 ,    nan ,   10.017 ,      nan
1082131 , 1013944 ,   1 , 182.7265 ,   0.8487 , 15.64 ,  6.92 ,  589 ,     1 ,  8.52 ,      17 ,       0 ,   0.045 ,    nan ,    9.964 ,      nan
1013937 , 1013938 ,  24 , 255.7738 ,  -7.0228 ,  1.68 , 11.37 ,  365 ,    24 ,  2.32 ,     183 ,     216 ,   0.495 ,  0.591 ,   13.086 ,   13.401
1013938 , 1013938 ,  12 , 259.7567 ,   6.6146 ,  1.78 , 11.24 ,  495 ,    12 ,  2.10 ,     163 ,     145 ,   0.441 ,  0.300 ,   12.934 ,   12.761
1013941 , 1013938 ,   7 , 232.0512 ,  -8.3707 ,  0.78 , 10.81 ,  327 ,     7 ,  0.80 ,     111 ,      80 ,   0.300 ,  0.377 ,   12.435 ,   12.348
1013947 , 1013938 ,   1 , 220.2556 ,  16.0925 ,  1.98 , 10.48 ,  309 ,     1 ,  2.40 ,      84 ,       0 ,   0.226 ,    nan ,   12.068 ,      nan
1013957 , 1013938 ,   4 , 246.1839 ,  -6.9147 ,  1.96 , 10.21 ,  -84 ,     4 ,  0.70 ,      69 ,      86 ,   0.186 ,  0.192 ,   11.814 ,   12.111
1013945 , 1013938 ,   1 , 244.3168 ,  21.2588 ,  3.46 , 10.19 ,  307 ,     1 ,  1.85 ,      68 ,       0 ,   0.183 ,    nan ,   11.792 ,      nan
1013949 , 1013938 ,   1 , 222.1499 ,  21.5212 ,  2.54 , 10.00 ,   92 ,     1 ,  1.69 ,      60 ,       0 ,   0.163 ,    nan ,   11.639 ,      nan
1013969 , 1013938 ,   1 , 246.5477 ,  15.9497 ,  5.06 ,  8.48 ,  550 ,     1 ,  1.83 ,      30 ,       0 ,   0.082 ,    nan ,   10.744 ,      nan
1013975 , 1013938 ,   2 , 274.5226 ,  15.5615 ,  7.44 ,  8.25 ,  306 ,     2 ,  0.90 ,      28 ,       2 ,   0.075 ,  0.044 ,   10.628 ,    8.307
1013999 , 1013938 ,   2 , 234.6006 ,  28.2480 ,  9.45 ,  8.21 ,  442 ,     2 ,  2.18 ,      27 ,      14 ,   0.074 ,  0.104 ,   10.610 ,   10.283
1013988 , 1013938 ,   1 , 275.6497 ,  20.3040 ,  8.93 ,  7.95 ,  103 ,     1 ,  1.28 ,      25 ,       0 ,   0.067 ,    nan ,   10.480 ,      nan
1013974 , 1013938 ,   1 , 242.8288 ,  28.2110 ,  8.41 ,  7.75 , -157 ,     1 ,  0.80 ,      23 ,       0 ,   0.062 ,    nan ,   10.382 ,      nan
1014031 , 1013938 ,   1 , 221.8631 ,  16.0402 ,  8.74 ,  7.64 ,  200 ,     1 ,  1.69 ,      22 ,       0 ,   0.059 ,    nan ,   10.326 ,      nan
1070244 , 1013938 ,   1 , 250.4643 ,  26.0154 , 12.71 ,  7.46 ,  481 ,     1 ,  4.11 ,      20 ,       0 ,   0.055 ,    nan ,   10.233 ,      nan
1081388 , 1013938 ,   1 , 236.8890 ,  27.6942 , 11.97 ,  7.27 ,  306 ,     1 ,  2.37 ,      19 ,       0 ,   0.052 ,    nan ,   10.140 ,      nan
1014018 , 1013938 ,   1 , 244.2948 ,  18.1121 , 11.69 ,  7.01 ,  331 ,     1 ,  1.83 ,      17 ,       0 ,   0.047 ,    nan ,   10.009 ,      nan
1015705 , 1015705 ,  77 ,  58.5438 , -17.0998 ,  2.24 , 11.91 ,  531 ,    77 ,  5.58 ,     293 ,     194 ,   0.794 ,  0.553 ,   13.703 ,   13.279
1021888 , 1015705 ,  14 ,  53.7744 ,  -3.6784 ,  4.61 , 11.25 ,  732 ,    14 ,  7.81 ,     164 ,      87 ,   0.444 ,  0.290 ,   12.944 ,   12.305
1027776 , 1015705 ,   5 ,  65.2623 , -25.7221 ,  5.50 , 10.91 ,  683 ,     5 ,  7.94 ,     122 ,     165 ,   0.329 ,  0.214 ,   12.555 ,   12.726
1030918 , 1015705 ,   3 ,  81.5968 , -36.0674 ,  5.90 , 10.76 ,  691 ,     3 ,  8.01 ,     106 ,      82 ,   0.287 ,  0.198 ,   12.377 ,   12.090
1031753 , 1015705 ,   7 ,  53.9869 , -29.4147 ,  4.90 , 10.71 ,  546 ,     7 ,  4.80 ,     102 ,      95 ,   0.276 ,  0.158 ,   12.326 ,   12.114
1031139 , 1015705 ,   1 ,  70.6240 , -29.9012 ,  6.51 , 10.46 ,  572 ,     1 ,  7.54 ,      82 ,       0 ,   0.223 ,    nan ,   12.049 ,      nan
1032599 , 1015705 ,   3 ,  70.2734 ,   5.8175 ,  6.61 , 10.39 ,  590 ,     3 ,  7.24 ,      78 ,       6 ,   0.211 ,  0.093 ,   11.975 ,    9.560
1034504 , 1015705 ,   3 ,  69.2849 , -39.1988 ,  5.64 , 10.18 ,  231 ,     3 ,  3.64 ,      67 ,      23 ,   0.182 ,  0.056 ,   11.785 ,   10.447
1036865 , 1015705 ,   1 ,  50.2492 , -37.6968 ,  5.09 , 10.17 ,  410 ,     1 ,  2.81 ,      67 ,       0 ,   0.181 ,    nan ,   11.777 ,      nan
1035779 , 1015705 ,   1 ,  46.6714 ,   7.6885 ,  7.25 , 10.01 ,  701 ,     1 ,  6.29 ,      60 ,       0 ,   0.164 ,    nan ,   11.645 ,      nan
1037493 , 1015705 ,   1 ,  77.8838 ,   4.4687 ,  7.50 ,  9.93 ,  490 ,     1 ,  6.43 ,      58 ,       0 ,   0.156 ,    nan ,   11.582 ,      nan
1042783 , 1015705 ,   1 ,  54.1609 , -33.6251 ,  6.32 ,  9.76 ,  443 ,     1 ,  3.07 ,      52 ,       0 ,   0.142 ,    nan ,   11.458 ,      nan
1042157 , 1015705 ,   1 ,  71.4737 , -11.7880 ,  7.86 ,  9.67 ,  434 ,     1 ,  5.61 ,      50 ,       0 ,   0.135 ,    nan ,   11.396 ,      nan
1040153 , 1015705 ,   4 ,  81.5995 , -29.5859 ,  6.90 ,  9.57 ,  184 ,     4 ,  3.24 ,      48 ,      51 ,   0.129 ,  0.072 ,   11.334 ,   11.228
1039943 , 1015705 ,   1 ,  83.7188 , -31.5184 ,  8.65 ,  9.54 ,  500 ,     1 ,  6.97 ,      47 ,       0 ,   0.127 ,    nan ,   11.312 ,      nan
1042828 , 1015705 ,   2 ,  60.2596 ,   1.9965 ,  9.35 ,  9.47 ,  671 ,     2 ,  8.89 ,      45 ,       1 ,   0.123 ,  0.103 ,   11.270 ,    8.049
1047269 , 1015705 ,   1 ,  59.2447 , -29.2572 ,  8.87 ,  9.39 ,  616 ,     1 ,  6.49 ,      44 ,       0 ,   0.118 ,    nan ,   11.220 ,      nan
1021890 , 1015705 ,   2 ,  56.2586 ,  -7.2002 ,  9.19 ,  9.37 ,  851 ,     2 ,  7.39 ,      43 ,      31 ,   0.117 ,  0.101 ,   11.210 ,   10.943
1048123 , 1015705 ,   1 ,  60.6508 ,  -1.5570 ,  8.58 ,  9.20 ,  685 ,     1 ,  4.57 ,      40 ,       0 ,   0.109 ,    nan ,   11.111 ,      nan
1048651 , 1015705 ,   1 ,  73.6851 , -41.2034 ,  9.20 ,  9.20 ,  481 ,     1 ,  6.07 ,      40 ,       0 ,   0.109 ,    nan ,   11.111 ,      nan
1049399 , 1015705 ,   1 ,  65.0754 , -29.7655 ,  9.95 ,  9.16 ,  619 ,     1 ,  8.18 ,      39 ,       0 ,   0.107 ,    nan ,   11.090 ,      nan
1050593 , 1015705 ,   1 ,  80.1255 , -13.6940 ,  8.71 ,  8.96 ,  530 ,     1 ,  3.67 ,      36 ,       0 ,   0.099 ,    nan ,   10.985 ,      nan
1050565 , 1015705 ,   1 ,  51.6530 , -11.2797 ,  8.11 ,  8.95 ,  241 ,     1 ,  2.75 ,      36 ,       0 ,   0.098 ,    nan ,   10.978 ,      nan
1055378 , 1015705 ,   2 ,  53.3594 ,   2.0003 , 10.30 ,  8.85 ,  744 ,     2 ,  6.76 ,      35 ,      28 ,   0.095 ,  0.068 ,   10.932 ,   10.693
1058818 , 1015705 ,   1 ,  60.0268 ,  -5.2666 ,  9.86 ,  8.78 ,  628 ,     1 ,  5.07 ,      34 ,       0 ,   0.092 ,    nan ,   10.894 ,      nan
1058040 , 1015705 ,   1 ,  79.9382 , -36.4218 , 10.27 ,  8.54 ,  319 ,     1 ,  4.65 ,      31 ,       0 ,   0.084 ,    nan ,   10.775 ,      nan
1059105 , 1015705 ,   1 ,  84.7243 , -34.7624 , 10.29 ,  8.52 ,  331 ,     1 ,  4.60 ,      31 ,       0 ,   0.083 ,    nan ,   10.766 ,      nan
1052738 , 1015705 ,   1 ,  51.6778 ,   1.7327 , 11.56 ,  8.46 ,  693 ,     1 ,  7.73 ,      30 ,       0 ,   0.082 ,    nan ,   10.737 ,      nan
1049604 , 1015705 ,   1 ,  57.4021 ,  -1.9634 , 10.57 ,  8.35 ,  480 ,     1 ,  4.28 ,      29 ,       0 ,   0.078 ,    nan ,   10.679 ,      nan
1062549 , 1015705 ,   1 ,  73.6134 , -36.5070 , 12.16 ,  8.34 ,  658 ,     1 ,  8.88 ,      29 ,       0 ,   0.078 ,    nan ,   10.677 ,      nan
1053787 , 1015705 ,   1 ,  49.5682 , -18.5370 , 10.37 ,  8.31 ,  431 ,     1 ,  3.75 ,      28 ,       0 ,   0.077 ,    nan ,   10.661 ,      nan
1072734 , 1015705 ,   1 ,  68.7386 , -24.2156 , 12.21 ,  8.31 ,  702 ,     1 ,  8.71 ,      28 ,       0 ,   0.077 ,    nan ,   10.659 ,      nan
1063881 , 1015705 ,   1 ,  54.9615 ,  -7.6085 , 12.30 ,  8.27 ,  667 ,     1 ,  8.69 ,      28 ,       0 ,   0.076 ,    nan ,   10.640 ,      nan
1065902 , 1015705 ,   1 ,  48.3989 ,  10.3660 , 11.69 ,  8.24 ,  725 ,     1 ,  6.37 ,      28 ,       0 ,   0.075 ,    nan ,   10.626 ,      nan
1072076 , 1015705 ,   1 ,  74.4177 , -24.0447 , 10.73 ,  8.24 ,  521 ,     1 ,  4.07 ,      28 ,       0 ,   0.075 ,    nan ,   10.625 ,      nan
1058565 , 1015705 ,   1 ,  53.5432 , -25.7268 , 10.95 ,  8.22 ,  674 ,     1 ,  4.39 ,      27 ,       0 ,   0.074 ,    nan ,   10.613 ,      nan
1065999 , 1015705 ,   1 ,  68.1587 , -28.4441 , 12.41 ,  8.10 ,  679 ,     1 ,  7.47 ,      26 ,       0 ,   0.071 ,    nan ,   10.554 ,      nan
1069240 , 1015705 ,   1 ,  76.0063 , -30.5951 , 12.40 ,  8.07 ,  541 ,     1 ,  7.21 ,      26 ,       0 ,   0.070 ,    nan ,   10.540 ,      nan
1049605 , 1015705 ,   1 ,  57.5352 ,  -4.1257 , 11.34 ,  8.04 ,  478 ,     1 ,  4.31 ,      26 ,       0 ,   0.069 ,    nan ,   10.528 ,      nan
1066811 , 1015705 ,   1 ,  63.3836 ,  -1.6605 , 12.65 ,  7.98 ,  581 ,     1 ,  7.31 ,      25 ,       0 ,   0.068 ,    nan ,   10.496 ,      nan
1085984 , 1015705 ,   1 ,  58.5449 , -28.3369 , 12.15 ,  7.94 ,  485 ,     1 ,  5.53 ,      25 ,       0 ,   0.067 ,    nan ,   10.474 ,      nan
1070342 , 1015705 ,   1 ,  50.6882 ,  -1.8160 , 13.39 ,  7.86 ,  766 ,     1 ,  8.94 ,      24 ,       0 ,   0.065 ,    nan ,   10.435 ,      nan
1069085 , 1015705 ,   1 ,  59.9520 ,  -0.0278 , 13.67 ,  7.84 ,  714 ,     1 ,  9.88 ,      24 ,       0 ,   0.064 ,    nan ,   10.423 ,      nan
1072879 , 1015705 ,   1 ,  77.8165 , -16.4851 , 12.82 ,  7.79 ,  466 ,     1 ,  6.40 ,      23 ,       0 ,   0.063 ,    nan ,   10.403 ,      nan
1085091 , 1015705 ,   1 ,  50.3310 ,   2.8793 , 12.82 ,  7.79 ,  726 ,     1 ,  6.35 ,      23 ,       0 ,   0.063 ,    nan ,   10.400 ,      nan
1065585 , 1015705 ,   1 ,  49.9897 , -29.0012 , 11.16 ,  7.73 ,  364 ,     1 ,  2.75 ,      23 ,       0 ,   0.061 ,    nan ,   10.369 ,      nan
1079813 , 1015705 ,   1 ,  61.1849 ,   0.4084 , 13.91 ,  7.71 ,  699 ,     1 ,  9.62 ,      23 ,       0 ,   0.061 ,    nan ,   10.362 ,      nan
1071618 , 1015705 ,   1 ,  78.3719 , -33.0734 , 12.03 ,  7.69 ,  225 ,     1 ,  3.92 ,      22 ,       0 ,   0.061 ,    nan ,   10.348 ,      nan
1078196 , 1015705 ,   1 ,  75.7062 , -18.8405 , 13.19 ,  7.67 ,  459 ,     1 ,  6.56 ,      22 ,       0 ,   0.060 ,    nan ,   10.338 ,      nan
1082998 , 1015705 ,   1 ,  53.6656 ,   3.1382 , 13.69 ,  7.66 ,  812 ,     1 ,  8.19 ,      22 ,       0 ,   0.060 ,    nan ,   10.336 ,      nan
1072572 , 1015705 ,   1 ,  62.7555 ,   1.1148 , 13.87 ,  7.65 ,  596 ,     1 ,  8.77 ,      22 ,       0 ,   0.060 ,    nan ,   10.330 ,      nan
1055452 , 1015705 ,   1 ,  49.9269 , -16.8614 , 12.99 ,  7.58 ,  816 ,     1 ,  5.38 ,      21 ,       0 ,   0.058 ,    nan ,   10.292 ,      nan
1085300 , 1015705 ,   1 ,  61.9888 ,  -6.9710 , 13.01 ,  7.53 ,  352 ,     1 ,  5.16 ,      21 ,       0 ,   0.057 ,    nan ,   10.272 ,      nan
1076918 , 1015705 ,   1 ,  60.3412 , -34.0466 , 14.17 ,  7.53 ,  723 ,     1 ,  8.76 ,      21 ,       0 ,   0.057 ,    nan ,   10.270 ,      nan
1082954 , 1015705 ,   1 ,  57.1447 ,  -7.1602 , 14.03 ,  7.52 ,  700 ,     1 ,  8.12 ,      21 ,       0 ,   0.057 ,    nan ,   10.265 ,      nan
1088719 , 1015705 ,   1 ,  54.4753 ,  -8.4982 , 13.42 ,  7.44 ,  652 ,     1 ,  5.63 ,      20 ,       0 ,   0.055 ,    nan ,   10.228 ,      nan
1086739 , 1015705 ,   1 ,  53.5393 ,   0.9244 , 14.25 ,  7.38 ,  861 ,     1 ,  7.67 ,      20 ,       0 ,   0.054 ,    nan ,   10.196 ,      nan
1090413 , 1015705 ,   1 ,  60.2308 ,  -8.1999 , 13.87 ,  7.35 ,  521 ,     1 ,  6.22 ,      20 ,       0 ,   0.053 ,    nan ,   10.182 ,      nan
1089175 , 1015705 ,   1 ,  59.6840 , -25.8680 , 12.98 ,  7.34 ,  569 ,     1 ,  4.07 ,      20 ,       0 ,   0.053 ,    nan ,   10.173 ,      nan
1086717 , 1015705 ,   1 ,  59.6669 , -26.8111 , 14.02 ,  7.28 ,  674 ,     1 ,  6.10 ,      19 ,       0 ,   0.052 ,    nan ,   10.143 ,      nan
1082682 , 1015705 ,   1 ,  47.8120 , -21.9261 , 13.70 ,  7.19 ,  620 ,     1 ,  4.78 ,      18 ,       0 ,   0.050 ,    nan ,   10.100 ,      nan
1080119 , 1015705 ,   1 ,  49.0970 ,  -6.8316 , 12.44 ,  7.18 ,  434 ,     1 ,  2.63 ,      18 ,       0 ,   0.050 ,    nan ,   10.093 ,      nan
1087270 , 1015705 ,   1 ,  46.4080 , -18.0111 , 13.80 ,  7.10 ,  658 ,     1 ,  4.53 ,      18 ,       0 ,   0.048 ,    nan ,   10.057 ,      nan
1090721 , 1015705 ,   1 ,  57.7949 ,  -5.9238 , 14.32 ,  7.08 ,  508 ,     1 ,  5.58 ,      18 ,       0 ,   0.048 ,    nan ,   10.041 ,      nan
1087532 , 1015705 ,   1 ,  47.8311 ,   4.6537 , 15.48 ,  7.01 ,  825 ,     1 ,  8.79 ,      17 ,       0 ,   0.047 ,    nan ,   10.009 ,      nan
1089474 , 1015705 ,   1 ,  47.0212 , -22.7197 , 14.04 ,  7.01 ,  588 ,     1 ,  4.52 ,      17 ,       0 ,   0.047 ,    nan ,   10.009 ,      nan
1090901 , 1015705 ,   1 ,  55.2151 , -32.6396 , 15.25 ,  6.99 ,  686 ,     1 ,  7.74 ,      17 ,       0 ,   0.046 ,    nan ,   10.000 ,      nan
1085948 , 1015705 ,   1 ,  84.8971 , -38.7677 , 15.39 ,  6.97 ,  710 ,     1 ,  8.08 ,      17 ,       0 ,   0.046 ,    nan ,    9.991 ,      nan
1086040 , 1015705 ,   1 ,  88.3837 , -16.6715 , 14.89 ,  6.97 ,  458 ,     1 ,  6.41 ,      17 ,       0 ,   0.046 ,    nan ,    9.991 ,      nan
1079225 , 1015705 ,   1 ,  74.2492 , -19.2327 , 14.92 ,  6.93 ,  434 ,     1 ,  6.22 ,      17 ,       0 ,   0.045 ,    nan ,    9.971 ,      nan
1021395 , 1021395 ,  29 , 244.2693 , -50.5358 ,  3.39 , 11.44 ,  377 ,    29 ,  5.55 ,     194 ,      93 ,   0.526 ,  0.375 ,   13.164 ,   12.476
1025385 , 1021395 ,  13 , 254.0333 , -50.9633 ,  5.53 , 10.77 ,  504 ,    13 ,  6.83 ,     107 ,     115 ,   0.290 ,  0.269 ,   12.389 ,   12.513
1033025 , 1021395 ,   1 , 240.0032 , -31.2797 ,  6.53 , 10.53 ,  665 ,     1 ,  2.95 ,      87 ,       0 ,   0.237 ,    nan ,   12.124 ,      nan
1035279 , 1021395 ,   1 , 291.4995 , -60.9918 ,  6.92 , 10.21 ,  478 ,     1 ,  6.79 ,      69 ,       0 ,   0.186 ,    nan ,   11.810 ,      nan
1038349 , 1021395 ,   2 , 260.7817 , -42.9415 ,  8.23 ,  9.91 ,  662 ,     2 ,  8.82 ,      57 ,      14 ,   0.154 ,  0.190 ,   11.568 ,   10.563
1039156 , 1021395 ,   2 , 266.9860 , -54.8171 ,  8.33 ,  9.59 ,  412 ,     2 ,  6.38 ,      48 ,      16 ,   0.130 ,  0.115 ,   11.344 ,   10.456
1045846 , 1021395 ,   1 , 237.8103 , -42.1706 ,  8.94 ,  9.41 ,  533 ,     1 ,  6.87 ,      44 ,       0 ,   0.119 ,    nan ,   11.233 ,      nan
1045044 , 1021395 ,   1 , 222.8286 , -50.8861 ,  9.81 ,  9.16 ,  549 ,     1 ,  7.75 ,      40 ,       0 ,   0.107 ,    nan ,   11.093 ,      nan
1050158 , 1021395 ,   1 , 259.2772 , -54.7242 ,  8.87 ,  9.14 ,  367 ,     1 ,  4.89 ,      39 ,       0 ,   0.106 ,    nan ,   11.079 ,      nan
1049077 , 1021395 ,   1 , 234.4639 , -48.1937 ,  9.43 ,  9.10 ,  395 ,     1 ,  6.03 ,      38 ,       0 ,   0.104 ,    nan ,   11.057 ,      nan
1038952 , 1021395 ,   1 , 255.9062 , -47.4077 , 12.22 ,  8.23 ,  551 ,     1 ,  8.04 ,      28 ,       0 ,   0.075 ,    nan ,   10.622 ,      nan
1058910 , 1021395 ,   1 , 233.7004 , -52.5033 , 12.07 ,  8.22 ,  471 ,     1 ,  7.43 ,      28 ,       0 ,   0.074 ,    nan ,   10.617 ,      nan
1058795 , 1021395 ,   1 , 254.5896 , -40.2042 , 13.37 ,  7.84 ,  694 ,     1 ,  8.70 ,      24 ,       0 ,   0.064 ,    nan ,   10.427 ,      nan
1072170 , 1021395 ,   1 , 263.1681 , -56.1951 , 12.86 ,  7.75 ,  363 ,     1 ,  6.15 ,      23 ,       0 ,   0.062 ,    nan ,   10.378 ,      nan
1076638 , 1021395 ,   1 , 249.2693 , -41.8212 , 13.20 ,  7.70 ,  623 ,     1 ,  6.83 ,      22 ,       0 ,   0.061 ,    nan ,   10.356 ,      nan
1078456 , 1021395 ,   1 , 256.4603 , -54.3485 , 13.51 ,  7.55 ,  418 ,     1 ,  6.61 ,      21 ,       0 ,   0.057 ,    nan ,   10.279 ,      nan
1086476 , 1021395 ,   1 , 279.9070 , -62.0013 , 14.19 ,  7.30 ,  487 ,     1 ,  6.78 ,      19 ,       0 ,   0.052 ,    nan ,   10.152 ,      nan
1082543 , 1021395 ,   1 , 261.0540 , -45.6150 , 15.06 ,  7.17 ,  671 ,     1 ,  8.74 ,      18 ,       0 ,   0.050 ,    nan ,   10.090 ,      nan
1078223 , 1021395 ,   1 , 226.9669 , -50.4072 , 15.03 ,  7.08 ,  550 ,     1 ,  7.74 ,      18 ,       0 ,   0.048 ,    nan ,   10.045 ,      nan
1087828 , 1021395 ,   1 , 240.7097 , -34.6481 , 15.23 ,  6.98 ,  592 ,     1 ,  2.90 ,      17 ,       0 ,   0.046 ,    nan ,    9.997 ,      nan
1079466 , 1021395 ,   1 , 254.2634 , -48.2889 , 15.40 ,  6.94 ,  635 ,     1 ,  7.83 ,      17 ,       0 ,   0.045 ,    nan ,    9.975 ,      nan
1028835 , 1028835 ,   5 , 147.5222 , -38.2550 ,  3.82 , 11.03 ,  278 ,     5 ,  4.20 ,     135 ,      54 ,   0.366 ,  0.234 ,   12.692 ,   11.799
1023991 , 1028835 ,  10 , 185.6608 , -45.0669 ,  4.12 , 11.02 ,  386 ,    10 ,  4.77 ,     134 ,      94 ,   0.362 ,  0.292 ,   12.678 ,   12.373
1023992 , 1028835 ,   8 , 179.5793 , -42.1293 ,  5.71 , 10.57 ,  385 ,     8 ,  5.92 ,      90 ,      18 ,   0.244 ,  0.220 ,   12.164 ,   10.824
1032659 , 1028835 ,   5 , 160.8877 , -25.2586 ,  5.30 , 10.55 ,  344 ,     5 ,  4.78 ,      88 ,      45 ,   0.240 ,  0.323 ,   12.143 ,   11.771
1034080 , 1028835 ,   1 , 169.6464 , -23.6306 ,  6.55 , 10.40 ,  569 ,     1 ,  7.14 ,      79 ,       0 ,   0.213 ,    nan ,   11.987 ,      nan
1034531 , 1028835 ,   2 , 174.7693 , -28.9721 ,  5.33 , 10.16 ,  249 ,     2 ,  3.09 ,      66 ,      41 ,   0.180 ,  0.031 ,   11.767 ,   10.685
1039358 , 1028835 ,   3 , 168.7869 , -25.2512 ,  8.42 ,  9.58 ,  502 ,     3 ,  6.62 ,      48 ,       3 ,   0.130 ,  0.040 ,   11.342 ,    8.425
1044580 , 1028835 ,   1 , 163.8944 , -22.8194 ,  8.14 ,  9.33 ,  414 ,     1 ,  4.32 ,      42 ,       0 ,   0.115 ,    nan ,   11.185 ,      nan
1049087 , 1028835 ,   1 , 180.5696 , -34.7247 ,  8.76 ,  9.04 ,  400 ,     1 ,  4.16 ,      38 ,       0 ,   0.102 ,    nan ,   11.029 ,      nan
1053416 , 1028835 ,   1 , 160.0654 , -37.8454 ,  9.98 ,  8.54 ,  308 ,     1 ,  4.10 ,      31 ,       0 ,   0.084 ,    nan ,   10.777 ,      nan
1061432 , 1028835 ,   1 , 171.9256 , -33.1894 , 10.36 ,  8.45 ,  373 ,     1 ,  4.36 ,      30 ,       0 ,   0.081 ,    nan ,   10.728 ,      nan
1057414 , 1028835 ,   1 , 169.9620 , -26.6696 , 11.77 ,  8.44 ,  623 ,     1 ,  8.26 ,      30 ,       0 ,   0.081 ,    nan ,   10.723 ,      nan
1060195 , 1028835 ,   1 , 170.0852 , -34.7215 , 10.69 ,  8.38 ,  292 ,     1 ,  4.69 ,      29 ,       0 ,   0.079 ,    nan ,   10.694 ,      nan
1059874 , 1028835 ,   1 , 176.1400 , -26.7032 , 11.41 ,  8.37 ,  549 ,     1 ,  6.43 ,      29 ,       0 ,   0.079 ,    nan ,   10.688 ,      nan
1063371 , 1028835 ,   1 , 160.9342 , -33.9755 , 10.78 ,  8.15 ,  318 ,     1 ,  3.75 ,      27 ,       0 ,   0.072 ,    nan ,   10.580 ,      nan
1066650 , 1028835 ,   1 , 165.9130 , -28.3645 , 12.18 ,  8.13 ,  475 ,     1 ,  6.96 ,      26 ,       0 ,   0.072 ,    nan ,   10.568 ,      nan
1070278 , 1028835 ,   1 , 172.6652 , -37.6499 , 12.40 ,  7.89 ,  402 ,     1 ,  5.89 ,      24 ,       0 ,   0.065 ,    nan ,   10.452 ,      nan
1073275 , 1028835 ,   1 , 149.7661 , -28.7937 , 11.22 ,  7.84 ,  272 ,     1 ,  3.22 ,      24 ,       0 ,   0.064 ,    nan ,   10.425 ,      nan
1065936 , 1028835 ,   1 , 168.5266 , -20.2762 , 12.99 ,  7.83 ,  504 ,     1 ,  7.16 ,      24 ,       0 ,   0.064 ,    nan ,   10.418 ,      nan
1069355 , 1028835 ,   1 , 170.6497 , -20.4424 , 13.12 ,  7.78 ,  550 ,     1 ,  7.22 ,      23 ,       0 ,   0.063 ,    nan ,   10.396 ,      nan
1085662 , 1028835 ,   1 , 193.4593 , -45.1253 , 12.79 ,  7.68 ,  467 ,     1 ,  5.50 ,      22 ,       0 ,   0.060 ,    nan ,   10.344 ,      nan
1070155 , 1028835 ,   1 , 171.6404 , -28.2505 , 13.71 ,  7.61 ,  643 ,     1 ,  7.80 ,      22 ,       0 ,   0.059 ,    nan ,   10.312 ,      nan
1056006 , 1028835 ,   2 , 182.1211 , -39.0457 , 12.68 ,  7.60 ,  460 ,     2 ,  4.81 ,      22 ,       3 ,   0.059 ,  0.048 ,   10.307 ,    8.620
1086089 , 1028835 ,   1 , 154.4521 , -27.5068 , 12.94 ,  7.30 ,  341 ,     1 ,  3.84 ,      19 ,       0 ,   0.052 ,    nan ,   10.158 ,      nan
1070113 , 1028835 ,   1 , 173.3085 , -30.6518 , 13.99 ,  7.24 ,  429 ,     1 ,  5.78 ,      19 ,       0 ,   0.051 ,    nan ,   10.124 ,      nan
1086718 , 1028835 ,   1 , 167.9760 , -26.1300 , 14.11 ,  7.20 ,  435 ,     1 ,  5.80 ,      18 ,       0 ,   0.050 ,    nan ,   10.104 ,      nan
1086711 , 1028835 ,   1 , 172.4120 , -38.5204 , 14.43 ,  7.12 ,  401 ,     1 ,  6.15 ,      18 ,       0 ,   0.049 ,    nan ,   10.064 ,      nan
1084211 , 1028835 ,   1 , 168.9190 , -34.5801 , 14.50 ,  7.05 ,  389 ,     1 ,  5.85 ,      18 ,       0 ,   0.047 ,    nan ,   10.029 ,      nan
1081138 , 1028835 ,   1 , 161.5709 , -20.8234 , 14.68 ,  6.94 ,  412 ,     1 ,  5.63 ,      17 ,       0 ,   0.045 ,    nan ,    9.975 ,      nan
1027811 , 1027811 ,   6 , 211.6894 ,  34.8756 ,  4.92 , 11.20 ,  603 ,     6 ,  8.49 ,     157 ,      79 ,   0.425 ,  0.212 ,   12.888 ,   12.083
1031790 , 1027811 ,   4 , 228.1479 ,  32.3171 ,  5.50 , 10.61 ,  617 ,     4 ,  5.61 ,      93 ,      59 ,   0.252 ,  0.181 ,   12.204 ,   11.757
1033399 , 1027811 ,   1 , 231.7660 ,  32.6206 ,  6.20 , 10.58 ,  644 ,     1 ,  7.47 ,      91 ,       0 ,   0.245 ,    nan ,   12.173 ,      nan
1035892 , 1027811 ,   2 , 236.6282 ,  30.1950 ,  7.25 , 10.10 ,  610 ,     2 ,  7.03 ,      64 ,       7 ,   0.173 ,  0.104 ,   11.720 ,    9.618
1037633 , 1027811 ,   3 , 218.1189 ,  30.8406 ,  7.56 , 10.07 ,  500 ,     3 ,  7.82 ,      63 ,      48 ,   0.170 ,  0.106 ,   11.695 ,   11.348
1039465 , 1027811 ,   3 , 219.0637 ,  33.9834 ,  8.28 ,  9.97 ,  627 ,     3 ,  9.73 ,      59 ,      16 ,   0.160 ,  0.161 ,   11.617 ,   10.590
1034810 , 1027811 ,   4 , 247.8469 ,  29.5009 ,  6.58 ,  9.93 ,  492 ,     4 ,  4.23 ,      58 ,      58 ,   0.156 ,  0.074 ,   11.584 ,   11.358
1036477 , 1027811 ,   2 , 208.9331 ,  52.4663 ,  8.27 ,  9.79 ,  647 ,     2 ,  7.82 ,      53 ,      12 ,   0.145 ,  0.148 ,   11.483 ,   10.260
1040213 , 1027811 ,   1 , 248.1919 ,  32.7503 ,  7.52 ,  9.65 ,  562 ,     1 ,  4.71 ,      50 ,       0 ,   0.134 ,    nan ,   11.384 ,      nan
1042900 , 1027811 ,   1 , 229.9319 ,  41.3503 ,  8.76 ,  9.59 ,  730 ,     1 ,  7.76 ,      48 ,       0 ,   0.130 ,    nan ,   11.344 ,      nan
1044370 , 1027811 ,   1 , 246.3179 ,  27.4397 ,  8.31 ,  9.41 ,  550 ,     1 ,  5.13 ,      44 ,       0 ,   0.119 ,    nan ,   11.230 ,      nan
1041937 , 1027811 ,   1 , 202.7785 ,  28.1177 ,  9.57 ,  9.39 ,  507 ,     1 ,  4.75 ,      44 ,       0 ,   0.118 ,    nan ,   11.223 ,      nan
1043276 , 1027811 ,   1 , 238.3098 ,  30.4099 ,  9.31 ,  9.32 ,  684 ,     1 ,  7.38 ,      42 ,       0 ,   0.115 ,    nan ,   11.182 ,      nan
1044093 , 1027811 ,   1 , 221.5906 ,  37.0242 ,  8.88 ,  9.28 ,  424 ,     1 ,  5.75 ,      42 ,       0 ,   0.112 ,    nan ,   11.155 ,      nan
1045211 , 1027811 ,   1 , 215.7913 ,  27.1236 ,  8.54 ,  9.22 ,  487 ,     1 ,  4.57 ,      40 ,       0 ,   0.110 ,    nan ,   11.121 ,      nan
1052123 , 1027811 ,   1 , 205.4958 ,  30.9871 , 10.11 ,  9.21 ,  512 ,     1 ,  9.40 ,      40 ,       0 ,   0.109 ,    nan ,   11.117 ,      nan
1048705 , 1027811 ,   1 , 211.8062 ,  31.0349 , 10.45 ,  9.06 ,  474 ,     1 ,  9.23 ,      38 ,       0 ,   0.103 ,    nan ,   11.037 ,      nan
1050848 , 1027811 ,   1 , 214.1792 ,  31.1586 , 10.01 ,  9.03 ,  519 ,     1 ,  7.30 ,      38 ,       0 ,   0.102 ,    nan ,   11.021 ,      nan
1049736 , 1027811 ,   1 , 216.8552 ,  33.4692 , 10.36 ,  9.01 ,  527 ,     1 ,  8.32 ,      37 ,       0 ,   0.101 ,    nan ,   11.009 ,      nan
1050518 , 1027811 ,   1 , 220.9079 ,  32.1380 , 10.39 ,  8.78 ,  465 ,     1 ,  6.45 ,      34 ,       0 ,   0.092 ,    nan ,   10.893 ,      nan
1050967 , 1027811 ,   2 , 221.5824 ,  29.9889 ,  9.86 ,  8.72 ,  442 ,     2 ,  4.77 ,      33 ,      22 ,   0.090 ,  0.069 ,   10.867 ,   10.474
1054322 , 1027811 ,   1 , 203.4675 ,  29.7094 , 11.47 ,  8.68 ,  529 ,     1 ,  9.51 ,      33 ,       0 ,   0.089 ,    nan ,   10.846 ,      nan
1052699 , 1027811 ,   1 , 210.6018 ,  31.1374 , 11.80 ,  8.54 ,  804 ,     1 ,  9.38 ,      31 ,       0 ,   0.084 ,    nan ,   10.772 ,      nan
1059479 , 1027811 ,   1 , 222.9812 ,  28.0382 , 10.49 ,  8.41 ,  406 ,     1 ,  4.46 ,      30 ,       0 ,   0.080 ,    nan ,   10.712 ,      nan
1062763 , 1027811 ,   1 , 213.6694 ,  31.9171 , 12.18 ,  8.40 ,  726 ,     1 ,  9.57 ,      29 ,       0 ,   0.080 ,    nan ,   10.706 ,      nan
1059171 , 1027811 ,   1 , 207.1391 ,  31.9006 , 12.38 ,  8.33 ,  747 ,     1 ,  9.62 ,      29 ,       0 ,   0.077 ,    nan ,   10.668 ,      nan
1068270 , 1027811 ,   1 , 216.0052 ,  30.9052 , 12.40 ,  8.29 ,  665 ,     1 ,  9.27 ,      28 ,       0 ,   0.076 ,    nan ,   10.648 ,      nan
1059095 , 1027811 ,   1 , 212.7870 ,  43.3206 , 12.78 ,  8.19 ,  796 ,     1 ,  9.85 ,      27 ,       0 ,   0.073 ,    nan ,   10.599 ,      nan
1068155 , 1027811 ,   1 , 240.7397 ,  41.6584 , 11.86 ,  8.18 ,  672 ,     1 ,  6.41 ,      27 ,       0 ,   0.073 ,    nan ,   10.597 ,      nan
1060035 , 1027811 ,   1 , 247.0827 ,  37.6813 , 11.77 ,  8.18 ,  637 ,     1 ,  6.11 ,      27 ,       0 ,   0.073 ,    nan ,   10.593 ,      nan
1059663 , 1027811 ,   1 , 227.1841 ,  45.8505 , 12.29 ,  8.15 ,  685 ,     1 ,  7.51 ,      27 ,       0 ,   0.072 ,    nan ,   10.580 ,      nan
1065222 , 1027811 ,   1 , 229.8385 ,  39.7539 , 11.66 ,  8.09 ,  577 ,     1 ,  5.22 ,      26 ,       0 ,   0.071 ,    nan ,   10.548 ,      nan
1069433 , 1027811 ,   1 , 207.3679 ,  34.8795 , 12.94 ,  8.08 ,  691 ,     1 ,  9.34 ,      26 ,       0 ,   0.070 ,    nan ,   10.543 ,      nan
1061777 , 1027811 ,   1 , 215.9377 ,  32.5168 , 12.85 ,  8.06 ,  787 ,     1 ,  8.82 ,      26 ,       0 ,   0.070 ,    nan ,   10.538 ,      nan
1063118 , 1027811 ,   1 , 221.5009 ,  37.9254 , 12.98 ,  7.88 ,  726 ,     1 ,  7.58 ,      24 ,       0 ,   0.065 ,    nan ,   10.444 ,      nan
1073698 , 1027811 ,   1 , 215.3291 ,  35.0443 , 13.40 ,  7.77 ,  632 ,     1 ,  8.14 ,      23 ,       0 ,   0.063 ,    nan ,   10.391 ,      nan
1074686 , 1027811 ,   1 , 218.7108 ,  36.8867 , 13.17 ,  7.66 ,  484 ,     1 ,  6.40 ,      22 ,       0 ,   0.060 ,    nan ,   10.334 ,      nan
1074740 , 1027811 ,   1 , 212.0825 ,  41.2540 , 14.03 ,  7.48 ,  600 ,     1 ,  7.77 ,      21 ,       0 ,   0.056 ,    nan ,   10.246 ,      nan
1087011 , 1027811 ,   1 , 222.7109 ,  47.2871 , 13.98 ,  7.41 ,  542 ,     1 ,  6.98 ,      20 ,       0 ,   0.054 ,    nan ,   10.210 ,      nan
1073677 , 1027811 ,   1 , 211.0423 ,  47.7401 , 14.78 ,  7.30 ,  740 ,     1 ,  8.90 ,      19 ,       0 ,   0.052 ,    nan ,   10.155 ,      nan
1076093 , 1027811 ,   1 , 234.5653 ,  34.0739 , 14.22 ,  7.25 ,  592 ,     1 ,  6.51 ,      19 ,       0 ,   0.051 ,    nan ,   10.130 ,      nan
1082157 , 1027811 ,   1 , 226.7722 ,  25.9701 , 13.53 ,  7.19 ,  420 ,     1 ,  4.41 ,      18 ,       0 ,   0.050 ,    nan ,   10.100 ,      nan
1079135 , 1027811 ,   1 , 224.0109 ,  26.8212 , 13.83 ,  7.16 ,  551 ,     1 ,  4.88 ,      18 ,       0 ,   0.049 ,    nan ,   10.086 ,      nan
1081259 , 1027811 ,   1 , 228.2113 ,  36.7119 , 14.42 ,  7.07 ,  670 ,     1 ,  5.78 ,      18 ,       0 ,   0.048 ,    nan ,   10.037 ,      nan
1089771 , 1027811 ,   1 , 217.9712 ,  35.8848 , 15.09 ,  7.06 ,  575 ,     1 ,  7.80 ,      18 ,       0 ,   0.048 ,    nan ,   10.033 ,      nan
1082679 , 1027811 ,   1 , 204.6410 ,  41.9431 , 15.65 ,  6.99 ,  632 ,     1 ,  9.30 ,      17 ,       0 ,   0.046 ,    nan ,    9.999 ,      nan
1088886 , 1027811 ,   1 , 219.7644 ,  24.3872 , 14.32 ,  6.92 ,  379 ,     1 ,  4.67 ,      17 ,       0 ,   0.045 ,    nan ,    9.967 ,      nan
1028361 , 1028361 ,  11 ,  49.7378 ,  21.7131 ,  5.33 , 11.04 ,  766 ,    11 ,  8.52 ,     136 ,      49 ,   0.369 ,  0.410 ,   12.704 ,   11.947
1034153 , 1028361 ,   2 ,  54.0465 ,  25.3248 ,  7.37 , 10.19 ,  765 ,     2 ,  8.18 ,      68 ,      13 ,   0.184 ,  0.100 ,   11.794 ,   10.217
1049447 , 1028361 ,   2 ,  46.8988 ,  24.9123 ,  9.79 ,  9.34 ,  843 ,     2 ,  9.41 ,      43 ,      33 ,   0.116 ,  0.106 ,   11.193 ,   11.029
1051532 , 1028361 ,   1 ,  60.8484 ,  31.1545 , 10.63 ,  8.98 ,  720 ,     1 ,  9.11 ,      37 ,       0 ,   0.099 ,    nan ,   10.994 ,      nan
1055958 , 1028361 ,   1 ,  52.2422 ,  29.3578 , 10.91 ,  8.68 ,  748 ,     1 ,  7.32 ,      33 ,       0 ,   0.088 ,    nan ,   10.843 ,      nan
1064065 , 1028361 ,   1 ,  50.3311 ,  13.1887 , 13.09 ,  7.92 ,  696 ,     1 ,  8.33 ,      24 ,       0 ,   0.066 ,    nan ,   10.464 ,      nan
1063923 , 1028361 ,   1 ,  52.2247 ,  25.2323 , 13.64 ,  7.84 ,  842 ,     1 ,  9.84 ,      24 ,       0 ,   0.064 ,    nan ,   10.427 ,      nan
1088858 , 1028361 ,   1 ,  48.7876 ,  14.7972 , 14.96 ,  7.05 ,  739 ,     1 ,  7.24 ,      18 ,       0 ,   0.047 ,    nan ,   10.029 ,      nan
1028649 , 1028649 ,   2 , 356.3579 , -53.8942 ,  5.57 , 11.02 ,  789 ,     2 ,  9.30 ,     134 ,      27 ,   0.362 ,  0.431 ,   12.679 ,   11.458
1034879 , 1028649 ,   1 , 337.2013 , -56.2727 ,  7.21 , 10.19 ,  609 ,     1 ,  7.63 ,      68 ,       0 ,   0.184 ,    nan ,   11.796 ,      nan
1047342 , 1028649 ,   1 ,   3.1505 , -52.0778 , 10.29 ,  9.11 ,  726 ,     1 ,  9.08 ,      39 ,       0 ,   0.105 ,    nan ,   11.064 ,      nan
1058537 , 1028649 ,   1 ,   1.3212 , -44.0322 , 11.89 ,  8.52 ,  897 ,     1 ,  9.58 ,      31 ,       0 ,   0.083 ,    nan ,   10.764 ,      nan
1063380 , 1028649 ,   1 , 349.1573 , -53.1604 , 12.57 ,  8.16 ,  759 ,     1 ,  8.69 ,      27 ,       0 ,   0.073 ,    nan ,   10.587 ,      nan
1074238 , 1028649 ,   1 , 352.9727 , -57.6348 , 13.61 ,  7.77 ,  803 ,     1 ,  8.92 ,      23 ,       0 ,   0.062 ,    nan ,   10.389 ,      nan
1082255 , 1028649 ,   1 , 341.0109 , -54.6937 , 14.12 ,  7.46 ,  688 ,     1 ,  7.92 ,      20 ,       0 ,   0.055 ,    nan ,   10.236 ,      nan
1013951 , 1013951 ,   2 , 195.0761 , -79.3008 ,  2.02 , 10.08 ,  -36 ,     2 ,  0.62 ,      63 ,      58 ,   0.171 ,  0.095 ,   11.703 ,   11.470
1076006 , 1013951 ,   1 , 145.9082 , -58.1366 ,  6.76 ,  8.43 ,  -43 ,     1 ,  0.68 ,      30 ,       0 ,   0.081 ,    nan ,   10.721 ,      nan
1082362 , 1013951 ,   1 , 178.5320 , -50.1226 ,  7.53 ,  8.02 ,  385 ,     1 ,  0.73 ,      25 ,       0 ,   0.069 ,    nan ,   10.517 ,      nan
1087281 , 1013951 ,   1 ,  89.5862 , -72.2906 , 10.48 ,  7.29 ,   77 ,     1 ,  1.21 ,      19 ,       0 ,   0.052 ,    nan ,   10.149 ,      nan
1089550 , 1013951 ,   1 , 358.9255 , -84.5251 , 11.59 ,  7.09 ,  174 ,     1 ,  1.61 ,      18 ,       0 ,   0.048 ,    nan ,   10.053 ,      nan
1029616 , 1029616 ,   6 , 109.0882 , -34.9232 ,  2.66 , 10.52 ,   34 ,     6 ,  1.36 ,      86 ,     106 ,   0.233 ,  0.110 ,   12.107 ,   12.049
1032895 , 1029616 ,   1 , 125.5061 , -47.6635 ,  4.19 , 10.36 ,   89 ,     1 ,  2.30 ,      76 ,       0 ,   0.207 ,    nan ,   11.948 ,      nan
1034527 , 1029616 ,   3 , 109.7403 , -55.0012 ,  3.39 , 10.24 ,  -24 ,     3 ,  1.38 ,      70 ,      11 ,   0.189 ,  0.131 ,   11.835 ,   10.188
1035346 , 1029616 ,   1 , 131.5847 , -57.8527 ,  3.42 , 10.10 ,  212 ,     1 ,  1.20 ,      64 ,       0 ,   0.173 ,    nan ,   11.720 ,      nan
1013958 , 1029616 ,   1 , 134.2061 , -22.9358 ,  0.70 ,  9.65 ,  -33 ,     1 ,  0.42 ,      50 ,       0 ,   0.134 ,    nan ,   11.384 ,      nan
1036972 , 1029616 ,   1 ,  91.3874 , -32.6752 ,  7.18 ,  9.33 ,  142 ,     1 ,  2.78 ,      42 ,       0 ,   0.115 ,    nan ,   11.185 ,      nan
1036973 , 1029616 ,   2 ,  87.0314 , -29.8066 ,  7.34 ,  9.29 ,  167 ,     2 ,  2.86 ,      42 ,      26 ,   0.113 ,  0.025 ,   11.161 ,   10.176
1078881 , 1029616 ,   1 , 116.6092 , -68.7643 ,  8.72 ,  8.04 ,   82 ,     1 ,  1.28 ,      26 ,       0 ,   0.069 ,    nan ,   10.525 ,      nan
1072031 , 1029616 ,   1 , 137.0634 , -43.0829 , 10.58 ,  7.93 ,  119 ,     1 ,  2.66 ,      24 ,       0 ,   0.066 ,    nan ,   10.470 ,      nan
1035347 , 1029616 ,   1 , 131.1928 , -54.9657 , 10.52 ,  7.42 ,  347 ,     1 ,  1.44 ,      20 ,       0 ,   0.055 ,    nan ,   10.217 ,      nan
1078541 , 1029616 ,   1 , 145.5007 , -51.6727 , 11.49 ,  7.36 ,  122 ,     1 ,  2.09 ,      20 ,       0 ,   0.053 ,    nan ,   10.182 ,      nan
1076736 , 1029616 ,   1 , 125.9902 , -38.0584 , 11.29 ,  7.35 ,  120 ,     1 ,  1.90 ,      20 ,       0 ,   0.053 ,    nan ,   10.182 ,      nan
1087763 , 1029616 ,   1 , 117.9009 , -48.1276 , 11.32 ,  7.26 ,   37 ,     1 ,  1.47 ,      19 ,       0 ,   0.051 ,    nan ,   10.134 ,      nan
1071559 , 1029616 ,   1 , 150.2702 , -43.8731 , 12.53 ,  7.09 ,  147 ,     1 ,  2.47 ,      18 ,       0 ,   0.048 ,    nan ,   10.049 ,      nan
1088255 , 1029616 ,   1 , 103.7071 , -63.4378 , 12.45 ,  7.00 ,    7 ,     1 ,  1.34 ,      17 ,       0 ,   0.046 ,    nan ,   10.004 ,      nan
1076698 , 1029616 ,   1 , 152.7251 , -43.1843 , 12.55 ,  6.99 ,  130 ,     1 ,  2.22 ,      17 ,       0 ,   0.046 ,    nan ,    9.998 ,      nan
1031300 , 1031300 ,   3 , 358.3392 , -33.8178 ,  5.84 , 10.85 ,  813 ,     3 ,  8.61 ,     115 ,      27 ,   0.311 ,  0.270 ,   12.480 ,   11.248
1041845 , 1031300 ,   1 , 351.8613 , -39.0641 ,  9.01 ,  9.61 ,  801 ,     1 ,  8.88 ,      48 ,       0 ,   0.131 ,    nan ,   11.356 ,      nan
1048460 , 1031300 ,   1 , 349.9925 , -30.6348 , 10.01 ,  9.11 ,  733 ,     1 ,  7.95 ,      39 ,       0 ,   0.105 ,    nan ,   11.061 ,      nan
1076542 , 1031300 ,   1 , 356.7091 , -41.0632 , 13.99 ,  7.64 ,  838 ,     1 ,  9.20 ,      22 ,       0 ,   0.060 ,    nan ,   10.326 ,      nan
1033688 , 1033688 ,   6 , 169.9824 , -17.7811 ,  6.66 , 10.57 ,  690 ,     6 ,  9.13 ,      90 ,      32 ,   0.243 ,  0.207 ,   12.161 ,   11.301
1049305 , 1033688 ,   1 , 169.9016 , -21.1446 , 10.84 ,  8.83 ,  639 ,     1 ,  8.46 ,      35 ,       0 ,   0.094 ,    nan ,   10.920 ,      nan
1061849 , 1033688 ,   1 , 173.8149 , -18.2337 , 12.28 ,  8.38 ,  680 ,     1 ,  9.72 ,      29 ,       0 ,   0.079 ,    nan ,   10.693 ,      nan
1049306 , 1033688 ,   1 , 170.0726 , -20.2356 , 12.27 ,  8.27 ,  609 ,     1 ,  8.54 ,      28 ,       0 ,   0.076 ,    nan ,   10.638 ,      nan
1055709 , 1033688 ,   1 , 172.6838 , -20.9364 , 12.76 ,  8.05 ,  651 ,     1 ,  8.38 ,      26 ,       0 ,   0.070 ,    nan ,   10.533 ,      nan
1065621 , 1033688 ,   1 , 173.9783 , -14.9774 , 13.09 ,  7.96 ,  683 ,     1 ,  8.78 ,      25 ,       0 ,   0.067 ,    nan ,   10.487 ,      nan
1069513 , 1033688 ,   1 , 172.5247 , -24.5283 , 13.67 ,  7.72 ,  705 ,     1 ,  8.62 ,      23 ,       0 ,   0.061 ,    nan ,   10.364 ,      nan
1068418 , 1033688 ,   1 , 172.0037 , -13.5859 , 14.01 ,  7.71 ,  738 ,     1 ,  9.97 ,      22 ,       0 ,   0.061 ,    nan ,   10.358 ,      nan
1078538 , 1033688 ,   1 , 172.6683 , -22.6949 , 14.11 ,  7.53 ,  672 ,     1 ,  8.53 ,      21 ,       0 ,   0.057 ,    nan ,   10.270 ,      nan
1055710 , 1033688 ,   1 , 171.7257 , -20.8879 , 15.00 ,  7.16 ,  664 ,     1 ,  8.36 ,      18 ,       0 ,   0.049 ,    nan ,   10.083 ,      nan
1088384 , 1033688 ,   1 , 172.1816 , -14.4613 , 15.79 ,  6.98 ,  746 ,     1 ,  9.83 ,      17 ,       0 ,   0.046 ,    nan ,    9.997 ,      nan
1032620 , 1032620 ,   1 , 311.4230 , -34.8817 ,  6.47 , 10.63 ,  660 ,     1 ,  8.92 ,      94 ,       0 ,   0.256 ,    nan ,   12.225 ,      nan
1032211 , 1032211 ,   1 , 105.7622 ,  56.3995 ,  5.53 , 10.55 ,  464 ,     1 ,  5.60 ,      88 ,       0 ,   0.239 ,    nan ,   12.140 ,      nan
1053497 , 1032211 ,   1 , 106.6375 ,  47.8414 ,  9.74 ,  8.86 ,  400 ,     1 ,  5.29 ,      35 ,       0 ,   0.095 ,    nan ,   10.937 ,      nan
1081227 , 1032211 ,   1 , 109.4094 ,  55.2319 , 13.96 ,  7.27 ,  468 ,     1 ,  5.60 ,      19 ,       0 ,   0.052 ,    nan ,   10.140 ,      nan
1033229 , 1033229 ,   4 , 129.9468 , -45.0632 ,  6.93 , 10.48 ,  838 ,     4 ,  9.35 ,      84 ,       4 ,   0.227 ,  0.057 ,   12.072 ,    8.834
1042737 , 1033229 ,   1 , 127.9852 , -45.6125 ,  9.57 ,  9.48 ,  866 ,     1 ,  9.99 ,      46 ,       0 ,   0.123 ,    nan ,   11.276 ,      nan
1052419 , 1033229 ,   1 , 129.8358 , -43.1273 , 11.18 ,  8.77 ,  792 ,     1 ,  9.20 ,      34 ,       0 ,   0.092 ,    nan ,   10.890 ,      nan
1081292 , 1033229 ,   1 , 122.1207 , -43.9446 , 15.23 ,  7.20 ,  860 ,     1 ,  9.73 ,      18 ,       0 ,   0.050 ,    nan ,   10.104 ,      nan
1034221 , 1034221 ,   1 , 125.2447 ,  14.4788 ,  6.87 , 10.27 ,  486 ,     1 ,  7.15 ,      72 ,       0 ,   0.194 ,    nan ,   11.867 ,      nan
1043930 , 1034221 ,   1 , 119.1315 ,   9.2186 ,  8.77 ,  9.49 ,  455 ,     1 ,  6.95 ,      46 ,       0 ,   0.124 ,    nan ,   11.281 ,      nan
1043997 , 1034221 ,   1 , 117.2611 ,  12.6601 ,  9.17 ,  9.32 ,  455 ,     1 ,  6.93 ,      42 ,       0 ,   0.115 ,    nan ,   11.182 ,      nan
1031850 , 1031850 ,   4 , 146.5003 ,  84.8216 ,  6.60 , 10.28 ,  659 ,     4 ,  6.38 ,      72 ,      80 ,   0.195 ,  0.127 ,   11.872 ,   11.866
1053651 , 1031850 ,   1 , 165.6497 ,  85.7820 , 11.21 ,  8.49 ,  688 ,     1 ,  6.45 ,      30 ,       0 ,   0.082 ,    nan ,   10.749 ,      nan
1013946 , 1013946 ,   2 ,  65.9544 ,  -4.3407 ,  2.19 , 10.09 , -149 ,     2 ,  0.67 ,      64 ,      43 ,   0.172 ,  0.048 ,   11.711 ,   10.905
1045201 , 1013946 ,   1 ,  59.8421 , -25.4117 ,  5.89 ,  9.34 ,   14 ,     1 ,  1.55 ,      43 ,       0 ,   0.115 ,    nan ,   11.190 ,      nan
1052260 , 1013946 ,   1 ,  72.7572 ,   2.1306 ,  7.97 ,  8.64 ,   52 ,     1 ,  1.81 ,      32 ,       0 ,   0.087 ,    nan ,   10.825 ,      nan
1013965 , 1013946 ,   1 ,  84.4373 ,   1.4936 ,  6.58 ,  8.28 , -186 ,     1 ,  0.63 ,      28 ,       0 ,   0.076 ,    nan ,   10.646 ,      nan
1088521 , 1013946 ,   1 ,  67.1270 , -36.2816 , 11.01 ,  6.96 ,  -74 ,     1 ,  1.06 ,      17 ,       0 ,   0.046 ,    nan ,    9.984 ,      nan
1033371 , 1033371 ,   4 ,  91.8255 ,  60.4552 ,  5.14 , 10.15 ,  325 ,     4 ,  2.80 ,      66 ,      26 ,   0.179 ,  0.106 ,   11.758 ,   10.808
1033372 , 1033371 ,   1 ,  86.6033 ,  67.8169 ,  7.41 ,  9.16 ,  359 ,     1 ,  2.53 ,      39 ,       0 ,   0.107 ,    nan ,   11.086 ,      nan
1057780 , 1033371 ,   1 , 123.4735 ,  63.0879 ,  9.39 ,  8.39 ,  408 ,     1 ,  2.61 ,      29 ,       0 ,   0.079 ,    nan ,   10.701 ,      nan
1013954 , 1013954 ,   1 , 140.0862 , -12.2259 , -3.72 , 10.24 , -138 ,     1 ,  0.42 ,      70 ,       0 ,   0.190 ,    nan ,   11.841 ,      nan
1037375 , 1037375 ,   1 ,  11.7400 , -31.9694 ,  8.12 , 10.04 ,  931 ,     1 ,  9.71 ,      62 ,       0 ,   0.167 ,    nan ,   11.667 ,      nan
1065364 , 1037375 ,   1 ,  12.6974 , -36.9321 , 13.96 ,  7.69 ,  907 ,     1 ,  9.56 ,      22 ,       0 ,   0.061 ,    nan ,   10.348 ,      nan
1064535 , 1037375 ,   1 ,  16.6623 , -33.1069 , 13.92 ,  7.67 ,  895 ,     1 ,  9.21 ,      22 ,       0 ,   0.060 ,    nan ,   10.340 ,      nan
1072751 , 1037375 ,   1 ,  14.2592 , -33.1266 , 14.18 ,  7.62 ,  912 ,     1 ,  9.74 ,      22 ,       0 ,   0.059 ,    nan ,   10.314 ,      nan
1013956 , 1013956 ,   2 , 238.8564 ,  39.2469 ,  5.43 ,  9.26 ,  346 ,     2 ,  1.15 ,      41 ,      24 ,   0.111 ,  0.091 ,   11.143 ,   10.675
1058481 , 1013956 ,   1 , 258.1274 ,  60.8164 ,  6.38 ,  8.86 ,  277 ,     1 ,  1.11 ,      35 ,       0 ,   0.095 ,    nan ,   10.933 ,      nan
1013983 , 1013956 ,   2 , 261.3113 ,  34.2149 ,  5.92 ,  8.76 ,  432 ,     2 ,  0.81 ,      34 ,       8 ,   0.091 ,  0.109 ,   10.886 ,    9.851
1057276 , 1013956 ,   1 , 281.3313 ,  63.4694 ,  7.26 ,  8.42 ,  455 ,     1 ,  1.02 ,      30 ,       0 ,   0.080 ,    nan ,   10.717 ,      nan
1013966 , 1013956 ,   1 , 259.3861 ,  36.7511 ,  7.30 ,  8.33 ,  331 ,     1 ,  0.93 ,      29 ,       0 ,   0.077 ,    nan ,   10.669 ,      nan
1013973 , 1013956 ,   1 , 236.5671 ,  48.0831 ,  8.93 ,  7.47 ,  294 ,     1 ,  0.73 ,      20 ,       0 ,   0.056 ,    nan ,   10.238 ,      nan
1014017 , 1013956 ,   1 , 243.3733 ,  36.6393 , 10.01 ,  7.44 ,  236 ,     1 ,  1.17 ,      20 ,       0 ,   0.055 ,    nan ,   10.228 ,      nan
1013984 , 1013956 ,   1 , 238.5273 ,  37.2895 ,  8.77 ,  7.35 , -157 ,     1 ,  0.59 ,      20 ,       0 ,   0.053 ,    nan ,   10.182 ,      nan
1013991 , 1013956 ,   1 , 241.4232 ,  53.0550 , 10.68 ,  6.94 ,  651 ,     1 ,  0.89 ,      17 ,       0 ,   0.045 ,    nan ,    9.973 ,      nan
1040432 , 1040432 ,   5 , 329.1270 ,  18.0237 ,  6.40 ,  9.86 ,  490 ,     5 ,  3.60 ,      56 ,      55 ,   0.150 ,  0.173 ,   11.533 ,   11.673
1055410 , 1040432 ,   1 , 335.8124 ,  19.7676 ,  8.56 ,  8.80 ,  386 ,     1 ,  2.87 ,      34 ,       0 ,   0.093 ,    nan ,   10.906 ,      nan
1077925 , 1040432 ,   1 , 341.2086 ,  18.0109 , 12.18 ,  7.66 ,  500 ,     1 ,  4.07 ,      22 ,       0 ,   0.060 ,    nan ,   10.334 ,      nan
1043693 , 1043693 ,   1 , 193.2705 ,  23.4102 ,  8.95 ,  9.25 ,  393 ,     1 ,  5.71 ,      41 ,       0 ,   0.111 ,    nan ,   11.137 ,      nan
1045626 , 1043693 ,   1 , 205.6498 ,  29.7218 ,  8.78 ,  9.23 ,  370 ,     1 ,  5.16 ,      41 ,       0 ,   0.110 ,    nan ,   11.127 ,      nan
1047844 , 1043693 ,   1 , 199.1438 ,  26.9038 ,  9.56 ,  9.01 ,  400 ,     1 ,  5.75 ,      37 ,       0 ,   0.101 ,    nan ,   11.009 ,      nan
1042141 , 1042141 ,   1 ,  77.8602 ,  46.0230 ,  9.10 ,  9.66 ,  758 ,     1 ,  9.87 ,      50 ,       0 ,   0.135 ,    nan ,   11.391 ,      nan
1036576 , 1036576 ,   1 ,  93.6898 ,  44.3054 ,  9.43 ,  9.42 ,  659 ,     1 ,  8.74 ,      44 ,       0 ,   0.120 ,    nan ,   11.241 ,      nan
1036577 , 1036576 ,   1 ,  96.5411 ,  45.0332 , 10.17 ,  9.12 ,  625 ,     1 ,  8.66 ,      39 ,       0 ,   0.105 ,    nan ,   11.068 ,      nan
1055435 , 1042141 ,   1 ,  81.7430 ,  44.6970 , 12.58 ,  8.20 ,  692 ,     1 ,  9.14 ,      27 ,       0 ,   0.074 ,    nan ,   10.606 ,      nan
1075837 , 1042141 ,   1 ,  75.6006 ,  44.2178 , 14.35 ,  7.56 ,  746 ,     1 ,  9.88 ,      21 ,       0 ,   0.058 ,    nan ,   10.286 ,      nan
1036578 , 1036576 ,   1 ,  95.0872 ,  44.7396 , 14.58 ,  7.37 ,  641 ,     1 ,  8.81 ,      20 ,       0 ,   0.054 ,    nan ,   10.190 ,      nan
1041075 , 1041075 ,   1 ,  11.2825 ,  65.7086 ,  3.36 ,  9.72 , -101 ,     1 ,  0.76 ,      51 ,       0 ,   0.139 ,    nan ,   11.435 ,      nan
1014029 , 1041075 ,   1 , 343.3742 ,  53.3655 ,  8.33 ,  7.25 ,   66 ,     1 ,  0.43 ,      19 ,       0 ,   0.051 ,    nan ,   10.130 ,      nan
1038378 , 1038378 ,   2 , 234.7773 , -31.6815 ,  9.06 ,  9.66 ,  712 ,     2 ,  9.68 ,      50 ,      13 ,   0.135 ,  0.021 ,   11.393 ,    9.479
1044452 , 1044452 ,   1 ,  67.0313 ,  35.1502 ,  9.13 ,  9.56 ,  697 ,     1 ,  8.93 ,      47 ,       0 ,   0.128 ,    nan ,   11.326 ,      nan
1044645 , 1044645 ,   1 , 247.9361 ,  50.2007 ,  8.96 ,  9.56 ,  729 ,     1 ,  8.21 ,      47 ,       0 ,   0.128 ,    nan ,   11.326 ,      nan
1041953 , 1041953 ,   1 ,  51.7457 ,  69.0645 ,  8.90 ,  9.48 ,  669 ,     1 ,  7.31 ,      46 ,       0 ,   0.123 ,    nan ,   11.276 ,      nan
1084134 , 1041953 ,   1 ,  52.8195 ,  73.1730 , 14.78 ,  7.09 ,  640 ,     1 ,  6.98 ,      18 ,       0 ,   0.048 ,    nan ,   10.049 ,      nan
1040739 , 1040739 ,   1 ,  33.1669 ,   7.9448 ,  8.23 ,  9.52 ,  687 ,     1 ,  5.61 ,      46 ,       0 ,   0.126 ,    nan ,   11.299 ,      nan
1045115 , 1045115 ,   1 , 108.8303 ,  45.0621 ,  9.15 ,  9.51 ,  605 ,     1 ,  8.49 ,      46 ,       0 ,   0.125 ,    nan ,   11.294 ,      nan
1042775 , 1042775 ,   1 ,  90.0676 , -44.1562 ,  8.45 ,  9.51 ,  492 ,     1 ,  6.15 ,      46 ,       0 ,   0.125 ,    nan ,   11.294 ,      nan
1040636 , 1040636 ,   1 , 297.2793 ,  16.6634 ,  8.75 ,  9.51 ,  668 ,     1 ,  7.04 ,      46 ,       0 ,   0.125 ,    nan ,   11.292 ,      nan
1050399 , 1050399 ,   1 , 328.3279 , -46.7515 , 10.17 ,  9.05 ,  662 ,     1 ,  8.04 ,      38 ,       0 ,   0.102 ,    nan ,   11.033 ,      nan
1050851 , 1050399 ,   1 , 329.3418 , -48.4415 , 10.64 ,  8.88 ,  657 ,     1 ,  8.16 ,      35 ,       0 ,   0.096 ,    nan ,   10.945 ,      nan
1044320 , 1044320 ,   1 , 174.2476 , -28.5145 ,  9.56 ,  9.46 ,  778 ,     1 ,  9.69 ,      45 ,       0 ,   0.122 ,    nan ,   11.262 ,      nan
1065308 , 1044320 ,   1 , 171.1461 , -26.2115 , 15.63 ,  7.03 ,  735 ,     1 ,  9.66 ,      17 ,       0 ,   0.047 ,    nan ,   10.021 ,      nan
1038907 , 1038907 ,   2 , 173.2983 , -31.8596 ,  9.30 ,  9.48 ,  681 ,     2 ,  8.75 ,      45 ,       1 ,   0.123 ,  0.134 ,   11.272 ,    8.262
1040048 , 1040048 ,   1 , 137.4348 , -45.0481 ,  8.85 ,  9.47 ,  577 ,     1 ,  7.10 ,      45 ,       0 ,   0.123 ,    nan ,   11.272 ,      nan
1046052 , 1046052 ,   1 , 186.3023 ,  14.2651 ,  9.75 ,  9.22 ,  513 ,     1 ,  7.97 ,      40 ,       0 ,   0.109 ,    nan ,   11.121 ,      nan
1056294 , 1046052 ,   1 , 190.0377 ,  18.1443 , 11.94 ,  8.33 ,  540 ,     1 ,  7.88 ,      29 ,       0 ,   0.078 ,    nan ,   10.671 ,      nan
1042845 , 1042845 ,   1 , 203.1277 ,  73.6877 ,  8.98 ,  9.38 ,  619 ,     1 ,  6.77 ,      44 ,       0 ,   0.118 ,    nan ,   11.215 ,      nan
1078914 , 1042845 ,   1 , 196.9050 ,  76.3735 , 14.84 ,  7.04 ,  654 ,     1 ,  6.75 ,      17 ,       0 ,   0.047 ,    nan ,   10.021 ,      nan
1045499 , 1045499 ,   1 , 213.8736 ,  23.6161 ,  7.75 ,  9.38 ,  457 ,     1 ,  2.40 ,      43 ,       0 ,   0.118 ,    nan ,   11.215 ,      nan
1045047 , 1045047 ,   1 ,  79.4125 ,  16.2297 ,  9.31 ,  9.31 ,  554 ,     1 ,  7.29 ,      42 ,       0 ,   0.114 ,    nan ,   11.176 ,      nan
1084226 , 1045047 ,   1 ,  81.9936 ,  19.7508 , 15.25 ,  6.97 ,  571 ,     1 ,  7.58 ,      17 ,       0 ,   0.046 ,    nan ,    9.991 ,      nan
1042765 , 1042765 ,   1 , 119.2591 ,  42.0393 ,  8.07 ,  9.36 ,  342 ,     1 ,  4.34 ,      43 ,       0 ,   0.116 ,    nan ,   11.201 ,      nan
1045557 , 1045557 ,   1 , 123.0548 , -46.9374 ,  8.21 ,  9.35 ,  310 ,     1 ,  4.61 ,      43 ,       0 ,   0.116 ,    nan ,   11.199 ,      nan
1047746 , 1047746 ,   1 , 296.0909 ,  37.1489 ,  9.89 ,  9.27 ,  738 ,     1 ,  9.03 ,      41 ,       0 ,   0.112 ,    nan ,   11.149 ,      nan
1065482 , 1047746 ,   1 , 297.2893 ,  36.8002 , 14.46 ,  7.49 ,  775 ,     1 ,  9.62 ,      21 ,       0 ,   0.056 ,    nan ,   10.253 ,      nan
1045588 , 1045588 ,   1 , 136.2708 , -40.1080 , 10.05 ,  9.12 ,  693 ,     1 ,  8.26 ,      39 ,       0 ,   0.105 ,    nan ,   11.072 ,      nan
1061802 , 1045588 ,   1 , 133.9122 , -43.2076 , 12.83 ,  8.00 ,  702 ,     1 ,  8.14 ,      25 ,       0 ,   0.068 ,    nan ,   10.505 ,      nan
1050613 , 1050613 ,   1 ,  76.6506 , -45.0000 ,  9.82 ,  9.27 ,  785 ,     1 ,  8.80 ,      41 ,       0 ,   0.112 ,    nan ,   11.152 ,      nan
1046549 , 1046549 ,   2 , 316.9949 ,  45.2101 ,  9.19 ,  9.24 ,  609 ,     2 ,  6.33 ,      41 ,       4 ,   0.110 ,  0.019 ,   11.130 ,    8.346
1039589 , 1039589 ,   4 , 108.8944 ,  -5.4569 ,  9.37 ,  9.17 ,  427 ,     4 ,  6.35 ,      40 ,      31 ,   0.107 ,  0.044 ,   11.093 ,   10.600
1042612 , 1042612 ,   2 ,  54.0096 ,  31.9250 ,  7.66 ,  9.18 ,  486 ,     2 ,  2.92 ,      40 ,       8 ,   0.108 ,  0.082 ,   11.100 ,    9.730
1050390 , 1050390 ,   1 , 324.2923 , -38.9488 , 10.64 ,  8.96 ,  708 ,     1 ,  8.96 ,      36 ,       0 ,   0.099 ,    nan ,   10.986 ,      nan
1075523 , 1050390 ,   1 , 327.2710 , -39.0366 , 14.13 ,  7.58 ,  732 ,     1 ,  9.14 ,      22 ,       0 ,   0.058 ,    nan ,   10.297 ,      nan
1049674 , 1049674 ,   1 , 325.6527 , -59.1065 ,  9.75 ,  9.10 ,  524 ,     1 ,  6.94 ,      38 ,       0 ,   0.104 ,    nan ,   11.057 ,      nan
1050800 , 1050800 ,   2 , 196.8053 , -49.2893 ,  9.93 ,  9.03 ,  512 ,     2 ,  7.00 ,      37 ,       8 ,   0.101 ,  0.119 ,   11.021 ,    9.841
1051395 , 1051395 ,   1 ,  56.7071 ,  37.2171 , 10.21 ,  8.92 ,  692 ,     1 ,  7.51 ,      36 ,       0 ,   0.097 ,    nan ,   10.966 ,      nan
1056728 , 1056728 ,   2 , 198.6800 ,  24.3902 , 10.81 ,  8.90 ,  530 ,     2 ,  8.98 ,      36 ,      29 ,   0.096 ,  0.071 ,   10.953 ,   10.747
1051747 , 1051747 ,   1 , 327.6932 ,  42.4583 , 10.66 ,  8.88 ,  707 ,     1 ,  8.25 ,      35 ,       0 ,   0.096 ,    nan ,   10.945 ,      nan
1047677 , 1047677 ,   1 , 336.4040 ,  31.2755 , 11.65 ,  8.56 ,  749 ,     1 ,  9.02 ,      31 ,       0 ,   0.085 ,    nan ,   10.787 ,      nan
1058764 , 1047677 ,   1 , 332.5961 ,  31.9670 , 13.33 ,  7.85 ,  723 ,     1 ,  8.65 ,      24 ,       0 ,   0.065 ,    nan ,   10.431 ,      nan
1051049 , 1051049 ,   1 ,  53.0917 ,  30.9816 ,  9.36 ,  8.88 ,  601 ,     1 ,  4.52 ,      35 ,       0 ,   0.096 ,    nan ,   10.945 ,      nan
1056223 , 1056223 ,   1 ,  45.7632 ,   2.5373 , 11.71 ,  8.60 ,  858 ,     1 ,  9.66 ,      32 ,       0 ,   0.086 ,    nan ,   10.805 ,      nan
1070883 , 1056223 ,   1 ,  46.8514 ,   3.8186 , 13.80 ,  7.74 ,  824 ,     1 ,  9.37 ,      23 ,       0 ,   0.062 ,    nan ,   10.373 ,      nan
1049650 , 1049650 ,   1 , 155.1178 ,  44.5830 , 10.91 ,  8.85 ,  676 ,     1 ,  8.98 ,      35 ,       0 ,   0.095 ,    nan ,   10.931 ,      nan
1051434 , 1051434 ,   1 , 113.2820 ,  23.6618 , 11.12 ,  8.79 ,  600 ,     1 ,  9.19 ,      34 ,       0 ,   0.092 ,    nan ,   10.900 ,      nan
1047740 , 1047740 ,   2 , 168.1394 ,  74.8937 , 11.37 ,  8.76 ,  790 ,     2 ,  9.96 ,      34 ,       2 ,   0.091 ,  0.059 ,   10.884 ,    8.452
1053844 , 1053844 ,   1 , 307.5576 ,  69.5618 , 10.05 ,  8.67 ,  553 ,     1 ,  4.90 ,      33 ,       0 ,   0.088 ,    nan ,   10.841 ,      nan
1065766 , 1065766 ,   1 , 197.8533 ,  54.3682 , 11.63 ,  7.85 ,  420 ,     1 ,  3.96 ,      24 ,       0 ,   0.065 ,    nan ,   10.433 ,      nan
1061530 , 1065766 ,   1 , 209.8763 ,  51.9179 , 12.19 ,  7.61 ,  394 ,     1 ,  3.86 ,      22 ,       0 ,   0.059 ,    nan ,   10.312 ,      nan
1082352 , 1065766 ,   1 , 192.7649 ,  55.7322 , 12.76 ,  7.40 ,  421 ,     1 ,  3.94 ,      20 ,       0 ,   0.054 ,    nan ,   10.204 ,      nan
1061108 , 1061108 ,   1 ,  62.4963 , -25.6174 , 11.79 ,  8.59 ,  983 ,     1 ,  9.87 ,      32 ,       0 ,   0.085 ,    nan ,   10.798 ,      nan
1060211 , 1060211 ,   1 ,  94.6437 ,  85.7637 , 12.48 ,  8.25 ,  799 ,     1 ,  9.26 ,      28 ,       0 ,   0.075 ,    nan ,   10.632 ,      nan
1078946 , 1060211 ,   1 , 103.6784 ,  85.7398 , 14.35 ,  7.48 ,  775 ,     1 ,  9.06 ,      21 ,       0 ,   0.056 ,    nan ,   10.248 ,      nan
1051547 , 1051547 ,   1 , 265.3916 ,  36.8048 , 11.80 ,  8.27 ,  674 ,     1 ,  6.92 ,      28 ,       0 ,   0.076 ,    nan ,   10.641 ,      nan
1051548 , 1051547 ,   1 , 265.6234 ,  35.9251 , 14.00 ,  7.38 ,  644 ,     1 ,  6.85 ,      20 ,       0 ,   0.054 ,    nan ,   10.196 ,      nan
1055398 , 1055398 ,   2 , 316.2271 , -58.8283 ,  9.56 ,  8.53 ,  168 ,     2 ,  3.32 ,      31 ,       1 ,   0.084 ,  0.030 ,   10.769 ,    7.568
1058592 , 1058592 ,   1 , 191.0502 ,  15.0832 , 11.25 ,  8.52 ,  454 ,     1 ,  7.11 ,      31 ,       0 ,   0.083 ,    nan ,   10.763 ,      nan
1052411 , 1052411 ,   1 ,  87.4122 ,  17.8349 , 11.18 ,  8.52 ,  488 ,     1 ,  6.87 ,      31 ,       0 ,   0.083 ,    nan ,   10.763 ,      nan
1085571 , 1085571 ,   1 , 310.1883 , -55.5469 ,  9.10 ,  7.60 ,  483 ,     1 ,  3.57 ,      22 ,       0 ,   0.059 ,    nan ,   10.305 ,      nan
1014003 , 1085571 ,   1 , 316.6538 , -53.3412 ,  8.33 ,  7.53 ,  392 ,     1 ,  0.60 ,      21 ,       0 ,   0.057 ,    nan ,   10.272 ,      nan
1091673 , 1085571 ,   1 , 303.8289 , -49.8478 ,  9.46 ,  7.48 ,  315 ,     1 ,  0.95 ,      21 ,       0 ,   0.056 ,    nan ,   10.246 ,      nan
1062307 , 1062307 ,   1 , 211.5061 ,  23.8126 ,  9.48 ,  8.49 ,  507 ,     1 ,  3.05 ,      30 ,       0 ,   0.082 ,    nan ,   10.751 ,      nan
1053792 , 1053792 ,   1 ,  80.2401 ,  10.3360 , 11.19 ,  8.49 ,  509 ,     1 ,  6.71 ,      30 ,       0 ,   0.082 ,    nan ,   10.749 ,      nan
1057796 , 1057796 ,   1 , 287.8274 ,  21.3054 ,  9.24 ,  8.47 ,  540 ,     1 ,  2.68 ,      30 ,       0 ,   0.082 ,    nan ,   10.741 ,      nan
1052486 , 1052486 ,   1 , 308.6622 ,  40.8175 , 12.05 ,  8.45 ,  762 ,     1 ,  9.49 ,      30 ,       0 ,   0.081 ,    nan ,   10.728 ,      nan
1052453 , 1052453 ,   1 ,   3.2140 , -41.9552 , 12.14 ,  8.43 ,  892 ,     1 ,  9.69 ,      30 ,       0 ,   0.080 ,    nan ,   10.720 ,      nan
1058724 , 1058724 ,   1 , 216.3695 ,  24.6453 , 10.21 ,  8.42 ,  483 ,     1 ,  3.95 ,      30 ,       0 ,   0.080 ,    nan ,   10.717 ,      nan
1014004 , 1014004 ,   1 , 123.7337 , -14.6847 ,  4.90 ,  8.42 ,   -6 ,     1 ,  0.31 ,      30 ,       0 ,   0.080 ,    nan ,   10.715 ,      nan
1056132 , 1056132 ,   1 ,  64.5472 , -41.2399 , 12.28 ,  8.39 ,  944 ,     1 ,  9.92 ,      29 ,       0 ,   0.079 ,    nan ,   10.702 ,      nan
1055945 , 1055945 ,   1 , 158.6835 ,  53.7507 , 11.93 ,  8.39 ,  643 ,     1 ,  8.42 ,      29 ,       0 ,   0.079 ,    nan ,   10.700 ,      nan
1049013 , 1049013 ,   1 , 313.2287 ,  30.5344 , 12.04 ,  8.38 ,  716 ,     1 ,  8.73 ,      29 ,       0 ,   0.079 ,    nan ,   10.695 ,      nan
1057637 , 1057637 ,   1 ,  80.0727 ,  20.8918 , 12.95 ,  8.03 ,  607 ,     1 ,  8.91 ,      26 ,       0 ,   0.069 ,    nan ,   10.520 ,      nan
1079667 , 1057637 ,   1 ,  78.0378 ,  19.0865 , 14.53 ,  7.39 ,  598 ,     1 ,  8.79 ,      20 ,       0 ,   0.054 ,    nan ,   10.199 ,      nan
1066890 , 1066890 ,   1 , 239.7579 , -24.3326 , 12.29 ,  8.37 ,  730 ,     1 ,  2.95 ,      29 ,       0 ,   0.079 ,    nan ,   10.688 ,      nan
1014007 , 1014007 ,   1 , 211.2039 , -47.9151 ,  5.77 ,  8.35 ,  170 ,     1 ,  0.47 ,      29 ,       0 ,   0.078 ,    nan ,   10.680 ,      nan
1051133 , 1051133 ,   2 , 247.5490 ,  -7.9415 , 12.05 ,  8.36 ,  642 ,     2 ,  8.56 ,      29 ,      22 ,   0.078 ,  0.046 ,   10.683 ,   10.326
1057112 , 1057112 ,   1 , 173.6994 ,  58.3815 ,  9.58 ,  8.35 ,  357 ,     1 ,  2.71 ,      29 ,       0 ,   0.078 ,    nan ,   10.679 ,      nan
1054742 , 1054742 ,   1 ,  62.7141 ,  45.5622 , 11.68 ,  8.26 ,  605 ,     1 ,  6.47 ,      28 ,       0 ,   0.075 ,    nan ,   10.635 ,      nan
1067319 , 1067319 ,   1 ,  92.9041 , -25.0984 , 11.70 ,  8.26 ,  464 ,     1 ,  6.50 ,      28 ,       0 ,   0.075 ,    nan ,   10.633 ,      nan
1062042 , 1062042 ,   1 ,  69.0784 ,  11.6465 , 10.69 ,  8.26 ,  406 ,     1 ,  4.08 ,      28 ,       0 ,   0.075 ,    nan ,   10.634 ,      nan
1061413 , 1061413 ,   1 , 353.4863 ,  60.8395 , 13.10 ,  7.77 ,  682 ,     1 ,  7.09 ,      23 ,       0 ,   0.063 ,    nan ,   10.393 ,      nan
1073816 , 1061413 ,   1 ,   0.7654 ,  59.7591 , 13.77 ,  7.51 ,  677 ,     1 ,  7.12 ,      21 ,       0 ,   0.057 ,    nan ,   10.260 ,      nan
1058328 , 1058328 ,   1 , 102.7655 , -38.7953 , 12.04 ,  8.24 ,  600 ,     1 ,  7.46 ,      28 ,       0 ,   0.075 ,    nan ,   10.624 ,      nan
1055892 , 1055892 ,   1 , 268.8648 ,  40.1275 , 12.46 ,  8.23 ,  768 ,     1 ,  8.95 ,      28 ,       0 ,   0.075 ,    nan ,   10.621 ,      nan
1071454 , 1071454 ,   1 , 216.8302 ,  32.1897 , 10.30 ,  8.21 ,  459 ,     1 ,  3.24 ,      27 ,       0 ,   0.074 ,    nan ,   10.612 ,      nan
1014005 , 1014005 ,   1 , 309.7564 ,  10.9103 ,  2.78 ,  8.23 ,  184 ,     1 ,  1.06 ,      28 ,       0 ,   0.075 ,    nan ,   10.620 ,      nan
1062308 , 1062308 ,   1 , 289.7186 ,  17.0469 , 12.11 ,  8.19 ,  684 ,     1 ,  7.29 ,      27 ,       0 ,   0.074 ,    nan ,   10.602 ,      nan
1064175 , 1064175 ,   1 , 259.6201 , -46.0453 , 12.83 ,  8.18 ,  679 ,     1 ,  9.97 ,      27 ,       0 ,   0.073 ,    nan ,   10.594 ,      nan
1066004 , 1066004 ,   1 , 317.5352 , -14.9964 , 12.27 ,  8.17 ,  543 ,     1 ,  7.62 ,      27 ,       0 ,   0.073 ,    nan ,   10.590 ,      nan
1059005 , 1059005 ,   1 ,  51.5840 ,  31.9522 , 12.87 ,  8.16 ,  951 ,     1 ,  9.91 ,      27 ,       0 ,   0.072 ,    nan ,   10.583 ,      nan
1063457 , 1063457 ,   1 , 309.9467 , -57.3231 , 11.56 ,  8.15 ,  398 ,     1 ,  5.40 ,      27 ,       0 ,   0.072 ,    nan ,   10.582 ,      nan
1013990 , 1013990 ,   1 , 209.4206 ,  25.0434 ,  6.43 ,  8.14 ,  504 ,     1 ,  4.75 ,      27 ,       0 ,   0.072 ,    nan ,   10.573 ,      nan
1064283 , 1064283 ,   1 ,  67.2662 ,  81.5822 , 12.64 ,  8.13 ,  752 ,     1 ,  8.67 ,      26 ,       0 ,   0.072 ,    nan ,   10.572 ,      nan
1052376 , 1052376 ,   2 , 193.0400 ,  28.1023 , 12.87 ,  8.06 ,  556 ,     2 ,  8.90 ,      26 ,       9 ,   0.070 ,  0.057 ,   10.535 ,    9.642
1063262 , 1063262 ,   1 , 128.7957 ,  -1.0755 , 12.48 ,  8.04 ,  494 ,     1 ,  7.23 ,      26 ,       0 ,   0.069 ,    nan ,   10.525 ,      nan
1066645 , 1066645 ,   1 , 224.4624 ,  47.4453 , 12.22 ,  8.04 ,  508 ,     1 ,  6.41 ,      26 ,       0 ,   0.069 ,    nan ,   10.524 ,      nan
1066992 , 1066992 ,   1 ,  56.3659 ,  14.1405 , 13.19 ,  8.04 ,  745 ,     1 ,  9.99 ,      26 ,       0 ,   0.069 ,    nan ,   10.524 ,      nan
1070300 , 1070300 ,   1 ,  47.4122 ,   7.0455 , 13.25 ,  8.00 ,  936 ,     1 ,  9.83 ,      25 ,       0 ,   0.068 ,    nan ,   10.504 ,      nan
1061241 , 1061241 ,   1 ,  51.7747 , -39.2302 , 13.30 ,  7.97 ,  947 ,     1 ,  9.72 ,      25 ,       0 ,   0.067 ,    nan ,   10.489 ,      nan
1068871 , 1068871 ,   1 , 208.0921 ,  64.4191 , 12.83 ,  7.93 ,  684 ,     1 ,  7.49 ,      24 ,       0 ,   0.066 ,    nan ,   10.470 ,      nan
1066638 , 1066638 ,   1 , 312.1535 , -44.5334 , 12.56 ,  7.92 ,  534 ,     1 ,  6.58 ,      24 ,       0 ,   0.066 ,    nan ,   10.468 ,      nan
1067972 , 1067972 ,   1 , 306.6900 , -55.8316 , 11.95 ,  7.87 ,  356 ,     1 ,  4.64 ,      24 ,       0 ,   0.065 ,    nan ,   10.438 ,      nan
1072374 , 1072374 ,   1 ,  87.7092 , -48.7466 , 13.52 ,  7.84 ,  868 ,     1 ,  9.34 ,      24 ,       0 ,   0.064 ,    nan ,   10.427 ,      nan
1014001 , 1014001 ,   1 , 206.0686 ,  50.4760 ,  6.79 ,  7.84 , -112 ,     1 ,  0.42 ,      24 ,       0 ,   0.064 ,    nan ,   10.427 ,      nan
1066986 , 1066986 ,   1 , 126.0984 , -23.1338 , 13.60 ,  7.84 ,  697 ,     1 ,  9.60 ,      24 ,       0 ,   0.064 ,    nan ,   10.423 ,      nan
1072490 , 1072490 ,   1 , 230.6560 ,  24.9900 , 11.52 ,  7.83 ,  379 ,     1 ,  3.67 ,      24 ,       0 ,   0.064 ,    nan ,   10.422 ,      nan
1064450 , 1064450 ,   1 , 197.1366 ,  -1.6891 , 13.13 ,  7.81 ,  578 ,     1 ,  7.49 ,      23 ,       0 ,   0.063 ,    nan ,   10.410 ,      nan
1059130 , 1059130 ,   1 , 301.3475 ,  35.5932 , 13.32 ,  7.80 ,  697 ,     1 ,  8.13 ,      23 ,       0 ,   0.063 ,    nan ,   10.407 ,      nan
1068647 , 1068647 ,   1 , 270.4035 ,  40.1054 , 13.16 ,  7.80 ,  683 ,     1 ,  7.51 ,      23 ,       0 ,   0.063 ,    nan ,   10.405 ,      nan
1069479 , 1069479 ,   1 , 321.6916 , -26.9078 , 12.42 ,  7.79 ,  448 ,     1 ,  5.29 ,      23 ,       0 ,   0.063 ,    nan ,   10.400 ,      nan
1064134 , 1064134 ,   1 , 106.1425 , -39.5058 , 13.73 ,  7.75 ,  672 ,     1 ,  9.19 ,      23 ,       0 ,   0.062 ,    nan ,   10.378 ,      nan
1074544 , 1074544 ,   1 , 308.2958 , -57.1032 , 12.89 ,  7.74 ,  502 ,     1 ,  3.57 ,      23 ,       0 ,   0.062 ,    nan ,   10.377 ,      nan
1066740 , 1066740 ,   1 , 330.2566 ,  32.1439 ,  8.15 ,  7.74 ,  374 ,     1 ,  0.70 ,      23 ,       0 ,   0.062 ,    nan ,   10.375 ,      nan
1074840 , 1074840 ,   1 , 331.8549 ,  12.9415 , 10.31 ,  7.72 ,  400 ,     1 ,  1.84 ,      23 ,       0 ,   0.061 ,    nan ,   10.364 ,      nan
1065171 , 1065171 ,   1 ,  57.4652 ,  41.7520 , 13.74 ,  7.71 ,  777 ,     1 ,  8.86 ,      23 ,       0 ,   0.061 ,    nan ,   10.362 ,      nan
1067456 , 1067456 ,   1 ,  52.0959 , -29.8840 , 13.86 ,  7.69 ,  964 ,     1 ,  9.18 ,      22 ,       0 ,   0.061 ,    nan ,   10.352 ,      nan
1013971 , 1013971 ,   1 , 115.6644 ,  55.4311 ,  7.92 ,  7.68 , -159 ,     1 ,  0.58 ,      22 ,       0 ,   0.060 ,    nan ,   10.344 ,      nan
1067450 , 1067450 ,   1 , 126.6663 , -44.6259 , 13.35 ,  7.63 ,  539 ,     1 ,  6.71 ,      22 ,       0 ,   0.059 ,    nan ,   10.318 ,      nan
1078910 , 1078910 ,   1 , 239.7702 , -27.7779 , 13.96 ,  7.62 ,  710 ,     1 ,  2.95 ,      22 ,       0 ,   0.059 ,    nan ,   10.316 ,      nan
1067071 , 1067071 ,   1 ,  70.0281 ,  10.8607 , 13.82 ,  7.61 ,  582 ,     1 ,  8.23 ,      22 ,       0 ,   0.059 ,    nan ,   10.312 ,      nan
1071723 , 1071723 ,   1 , 324.2645 ,  40.9073 , 13.65 ,  7.61 ,  666 ,     1 ,  7.53 ,      22 ,       0 ,   0.059 ,    nan ,   10.307 ,      nan
1013992 , 1013992 ,   1 , 214.6129 ,  40.5565 ,  9.36 ,  7.57 ,  110 ,     1 ,  1.00 ,      21 ,       0 ,   0.058 ,    nan ,   10.290 ,      nan
1072143 , 1072143 ,   1 , 343.2147 , -65.1741 , 12.32 ,  7.54 ,  240 ,     1 ,  3.79 ,      21 ,       0 ,   0.057 ,    nan ,   10.276 ,      nan
1071975 , 1071975 ,   1 ,  94.7174 ,  36.9493 , 12.79 ,  7.52 ,  376 ,     1 ,  4.58 ,      21 ,       0 ,   0.057 ,    nan ,   10.262 ,      nan
1079496 , 1079496 ,   1 , 194.8090 ,  19.2940 , 13.97 ,  7.51 ,  508 ,     1 ,  7.79 ,      21 ,       0 ,   0.056 ,    nan ,   10.258 ,      nan
1081126 , 1081126 ,   1 , 119.4955 ,  -1.8074 , 13.78 ,  7.48 ,  449 ,     1 ,  6.93 ,      21 ,       0 ,   0.056 ,    nan ,   10.246 ,      nan
1080700 , 1080700 ,   1 , 329.1013 ,  45.6385 , 14.29 ,  7.47 ,  735 ,     1 ,  8.69 ,      21 ,       0 ,   0.056 ,    nan ,   10.243 ,      nan
1077957 , 1077957 ,   1 , 168.9066 , -51.0354 , 14.47 ,  7.46 ,  763 ,     1 ,  9.34 ,      20 ,       0 ,   0.056 ,    nan ,   10.238 ,      nan
1074960 , 1074960 ,   1 , 320.3019 ,  53.5536 , 13.29 ,  7.46 ,  581 ,     1 ,  5.42 ,      20 ,       0 ,   0.056 ,    nan ,   10.236 ,      nan
1075732 , 1075732 ,   1 , 236.0987 , -34.0709 , 14.38 ,  7.46 ,  641 ,     1 ,  8.94 ,      20 ,       0 ,   0.056 ,    nan ,   10.238 ,      nan
1069105 , 1069105 ,   1 ,  24.1183 ,  61.5553 , 14.61 ,  7.46 ,  849 ,     1 ,  9.92 ,      20 ,       0 ,   0.055 ,    nan ,   10.236 ,      nan
1014025 , 1014025 ,   1 , 209.2642 ,  37.9285 ,  9.57 ,  7.45 ,  140 ,     1 ,  0.97 ,      20 ,       0 ,   0.055 ,    nan ,   10.233 ,      nan
1079746 , 1079746 ,   1 , 256.8462 ,  39.8505 , 13.72 ,  7.45 ,  648 ,     1 ,  6.51 ,      20 ,       0 ,   0.055 ,    nan ,   10.230 ,      nan
1065296 , 1065296 ,   1 ,  82.9690 ,  29.1978 , 14.36 ,  7.43 ,  622 ,     1 ,  8.53 ,      20 ,       0 ,   0.055 ,    nan ,   10.220 ,      nan
1086968 , 1086968 ,   1 ,  83.8762 , -40.2709 , 14.73 ,  7.42 ,  634 ,     1 , 10.00 ,      20 ,       0 ,   0.055 ,    nan ,   10.215 ,      nan
1075251 , 1075251 ,   1 ,  53.1938 ,  29.8690 , 13.52 ,  7.42 ,  703 ,     1 ,  5.71 ,      20 ,       0 ,   0.055 ,    nan ,   10.212 ,      nan
1068926 , 1068926 ,   1 , 133.0979 ,  -4.6958 , 14.23 ,  7.40 ,  541 ,     1 ,  7.78 ,      20 ,       0 ,   0.054 ,    nan ,   10.207 ,      nan
1071414 , 1071414 ,   1 ,  55.7456 ,  37.0891 , 14.31 ,  7.39 ,  742 ,     1 ,  7.51 ,      20 ,       0 ,   0.054 ,    nan ,   10.201 ,      nan
1073172 , 1073172 ,   1 ,  89.1700 , -32.5609 , 14.11 ,  7.40 ,  538 ,     1 ,  7.30 ,      20 ,       0 ,   0.054 ,    nan ,   10.204 ,      nan
1069669 , 1069669 ,   1 , 314.4558 , -42.9420 , 14.15 ,  7.38 ,  592 ,     1 ,  7.36 ,      20 ,       0 ,   0.054 ,    nan ,   10.196 ,      nan
1079104 , 1079104 ,   1 , 193.1625 ,  18.5744 , 14.24 ,  7.36 ,  484 ,     1 ,  7.45 ,      20 ,       0 ,   0.053 ,    nan ,   10.185 ,      nan
1077742 , 1077742 ,   1 , 171.3751 , -48.4945 , 14.57 ,  7.33 ,  653 ,     1 ,  8.40 ,      20 ,       0 ,   0.053 ,    nan ,   10.170 ,      nan
1081930 , 1081930 ,   1 ,  70.0498 , -43.5158 , 14.88 ,  7.31 ,  885 ,     1 ,  9.40 ,      19 ,       0 ,   0.052 ,    nan ,   10.158 ,      nan
1014039 , 1014039 ,   1 , 209.8380 ,  29.1185 ,  6.65 ,  7.31 ,  -88 ,     1 ,  0.21 ,      19 ,       0 ,   0.052 ,    nan ,   10.161 ,      nan
1078595 , 1078595 ,   1 , 326.9292 ,  70.5686 , 13.94 ,  7.29 ,  612 ,     1 ,  5.96 ,      19 ,       0 ,   0.052 ,    nan ,   10.149 ,      nan
1075108 , 1075108 ,   1 , 295.3825 ,  21.8492 , 14.64 ,  7.28 ,  718 ,     1 ,  8.22 ,      19 ,       0 ,   0.052 ,    nan ,   10.146 ,      nan
1074349 , 1074349 ,   1 ,  22.5251 , -32.3856 , 14.43 ,  7.28 ,  748 ,     1 ,  7.41 ,      19 ,       0 ,   0.052 ,    nan ,   10.143 ,      nan
1084066 , 1084066 ,   1 ,  87.1137 , -38.8369 , 15.06 ,  7.24 ,  845 ,     1 ,  9.46 ,      19 ,       0 ,   0.051 ,    nan ,   10.127 ,      nan
1079824 , 1079824 ,   1 , 200.7499 ,  26.7191 , 14.45 ,  7.23 ,  441 ,     1 ,  7.03 ,      19 ,       0 ,   0.051 ,    nan ,   10.121 ,      nan
1080660 , 1080660 ,   1 , 322.8900 , -42.6007 , 13.15 ,  7.22 ,  287 ,     1 ,  3.85 ,      19 ,       0 ,   0.051 ,    nan ,   10.117 ,      nan
1075719 , 1075719 ,   1 , 317.8594 ,  42.6330 , 15.09 ,  7.22 ,  757 ,     1 ,  9.32 ,      19 ,       0 ,   0.051 ,    nan ,   10.114 ,      nan
1082199 , 1082199 ,   1 ,  79.8229 ,  53.2467 , 14.11 ,  7.21 ,  523 ,     1 ,  5.92 ,      19 ,       0 ,   0.050 ,    nan ,   10.111 ,      nan
1077475 , 1077475 ,   1 , 340.6569 , -28.9696 , 14.95 ,  7.19 ,  710 ,     1 ,  8.48 ,      18 ,       0 ,   0.050 ,    nan ,   10.100 ,      nan
1075047 , 1075047 ,   1 , 244.2688 ,  49.1825 , 15.06 ,  7.19 ,  774 ,     1 ,  8.92 ,      18 ,       0 ,   0.050 ,    nan ,   10.100 ,      nan
1085366 , 1085366 ,   1 ,  55.9401 ,   7.5673 , 15.28 ,  7.19 ,  788 ,     1 ,  9.82 ,      18 ,       0 ,   0.050 ,    nan ,   10.097 ,      nan
1082708 , 1082708 ,   1 , 213.1504 ,  30.2591 , 13.06 ,  7.18 ,  291 ,     1 ,  1.69 ,      18 ,       0 ,   0.050 ,    nan ,   10.097 ,      nan
1078093 , 1078093 ,   1 , 282.0712 ,  28.3181 , 14.82 ,  7.18 ,  704 ,     1 ,  7.94 ,      18 ,       0 ,   0.050 ,    nan ,   10.097 ,      nan
1077852 , 1077852 ,   1 ,  46.6450 , -41.5514 , 14.97 ,  7.17 ,  810 ,     1 ,  8.36 ,      18 ,       0 ,   0.050 ,    nan ,   10.090 ,      nan
1083797 , 1083797 ,   1 , 338.5898 , -63.3990 , 15.19 ,  7.15 ,  697 ,     1 ,  9.09 ,      18 ,       0 ,   0.049 ,    nan ,   10.083 ,      nan
1078774 , 1078774 ,   1 , 359.4751 ,  62.9230 , 14.26 ,  7.11 ,  595 ,     1 ,  5.65 ,      18 ,       0 ,   0.049 ,    nan ,   10.061 ,      nan
1085827 , 1085827 ,   1 ,  80.3780 , -45.9281 , 15.38 ,  7.10 ,  858 ,     1 ,  9.35 ,      18 ,       0 ,   0.048 ,    nan ,   10.057 ,      nan
1078081 , 1078081 ,   1 , 128.1138 , -13.8945 , 15.49 ,  7.09 ,  692 ,     1 ,  9.73 ,      18 ,       0 ,   0.048 ,    nan ,   10.053 ,      nan
1077753 , 1077753 ,   1 , 111.4414 ,  45.1250 , 14.81 ,  7.08 ,  522 ,     1 ,  7.01 ,      18 ,       0 ,   0.048 ,    nan ,   10.045 ,      nan
1075838 , 1075838 ,   1 , 203.0836 ,  57.0364 , 15.44 ,  7.06 ,  721 ,     1 ,  9.18 ,      18 ,       0 ,   0.048 ,    nan ,   10.037 ,      nan
1073089 , 1073089 ,   1 ,  16.8419 , -40.2174 , 15.04 ,  7.06 ,  716 ,     1 ,  7.63 ,      18 ,       0 ,   0.048 ,    nan ,   10.033 ,      nan
1079811 , 1079811 ,   1 , 201.3631 ,   0.4892 , 15.21 ,  7.05 ,  614 ,     1 ,  8.15 ,      18 ,       0 ,   0.047 ,    nan ,   10.029 ,      nan
1070680 , 1070680 ,   1 , 322.0331 ,  -5.0930 , 14.93 ,  7.04 ,  624 ,     1 ,  7.08 ,      17 ,       0 ,   0.047 ,    nan ,   10.025 ,      nan
1075452 , 1075452 ,   1 , 106.5182 ,  77.7274 , 15.32 ,  7.03 ,  681 ,     1 ,  8.38 ,      17 ,       0 ,   0.047 ,    nan ,   10.021 ,      nan
1087663 , 1087663 ,   1 ,  54.6461 , -28.7239 , 15.51 ,  7.03 ,  870 ,     1 ,  9.12 ,      17 ,       0 ,   0.047 ,    nan ,   10.017 ,      nan
1082655 , 1082655 ,   1 , 203.7169 ,  46.7828 , 13.98 ,  7.03 ,  434 ,     1 ,  4.50 ,      17 ,       0 ,   0.047 ,    nan ,   10.017 ,      nan
1075739 , 1075739 ,   1 , 252.0785 ,  40.5766 , 14.92 ,  7.01 ,  685 ,     1 ,  6.83 ,      17 ,       0 ,   0.047 ,    nan ,   10.009 ,      nan
1085294 , 1085294 ,   1 , 108.4350 , -46.3664 , 15.28 ,  7.01 ,  689 ,     1 ,  7.99 ,      17 ,       0 ,   0.047 ,    nan ,   10.009 ,      nan
1089424 , 1089424 ,   1 ,  78.4030 , -45.8433 , 15.40 ,  7.01 ,  749 ,     1 ,  8.46 ,      17 ,       0 ,   0.047 ,    nan ,   10.009 ,      nan
1079590 , 1079590 ,   1 , 160.5604 , -30.8618 , 15.04 ,  7.00 ,  510 ,     1 ,  7.15 ,      17 ,       0 ,   0.047 ,    nan ,   10.009 ,      nan
1080335 , 1080335 ,   1 , 138.9171 ,  82.0202 , 14.37 ,  6.98 ,  523 ,     1 ,  5.12 ,      17 ,       0 ,   0.046 ,    nan ,    9.996 ,      nan
1087390 , 1087390 ,   1 , 305.6948 ,  38.2811 , 13.90 ,  6.98 ,  529 ,     1 ,  4.10 ,      17 ,       0 ,   0.046 ,    nan ,    9.994 ,      nan
1079421 , 1079421 ,   1 , 122.7244 ,  43.1969 , 15.15 ,  6.97 ,  523 ,     1 ,  7.25 ,      17 ,       0 ,   0.046 ,    nan ,    9.991 ,      nan
